신규분류 요약코드,제품군,공정,최소목표일
1-Day_Color_Sph,BELLA D_Cedar + -00.00,누수규격,2026-05-14
1-Day_Color_Sph,BELLA D_Cedar + -00.00,분리,2026-05-10
1-Day_Color_Sph,BELLA D_Cedar + -00.00,사출,2026-05-09
1-Day_Color_Sph,BELLA D_Cedar + -00.00,접착,2026-05-13
1-Day_Color_Sph,BELLA D_Cedar + -00.00,하이드레이션,2026-05-11
1-Day_Color_Sph,BELLA D_Cedar + -00.75,누수규격,2026-05-14
1-Day_Color_Sph,BELLA D_Cedar + -00.75,분리,2026-05-10
1-Day_Color_Sph,BELLA D_Cedar + -00.75,사출,2026-05-09
1-Day_Color_Sph,BELLA D_Cedar + -00.75,접착,2026-05-13
1-Day_Color_Sph,BELLA D_Cedar + -00.75,하이드레이션,2026-05-11
1-Day_Color_Sph,BELLA D_Cedar + -02.00,누수규격,2026-05-14
1-Day_Color_Sph,BELLA D_Cedar + -02.00,분리,2026-05-10
1-Day_Color_Sph,BELLA D_Cedar + -02.00,사출,2026-05-09
1-Day_Color_Sph,BELLA D_Cedar + -02.00,접착,2026-05-13
1-Day_Color_Sph,BELLA D_Cedar + -02.00,하이드레이션,2026-05-11
1-Day_Color_Sph,BELLA D_Cedar + -02.50,누수규격,2026-05-14
1-Day_Color_Sph,BELLA D_Cedar + -02.50,분리,2026-05-10
1-Day_Color_Sph,BELLA D_Cedar + -02.50,사출,2026-05-09
1-Day_Color_Sph,BELLA D_Cedar + -02.50,접착,2026-05-13
1-Day_Color_Sph,BELLA D_Cedar + -02.50,하이드레이션,2026-05-11
1-Day_Color_Sph,BELLA D_Garnet + -00.00,누수규격,2026-05-14
1-Day_Color_Sph,BELLA D_Garnet + -00.00,접착,2026-05-13
1-Day_Color_Sph,BELLA D_Garnet + -00.00,하이드레이션,2026-05-11
1-Day_Color_Sph,BELLA D_Pine + -00.00,누수규격,2026-05-14
1-Day_Color_Sph,BELLA D_Pine + -00.00,분리,2026-05-10
1-Day_Color_Sph,BELLA D_Pine + -00.00,사출,2026-05-09
1-Day_Color_Sph,BELLA D_Pine + -00.00,접착,2026-05-13
1-Day_Color_Sph,BELLA D_Pine + -00.00,하이드레이션,2026-05-11
1-Day_Color_Sph,BELLA D_Star + -00.00,누수규격,2026-05-14
1-Day_Color_Sph,BELLA D_Star + -00.00,분리,2026-05-10
1-Day_Color_Sph,BELLA D_Star + -00.00,사출,2026-05-09
1-Day_Color_Sph,BELLA D_Star + -00.00,접착,2026-05-13
1-Day_Color_Sph,BELLA D_Star + -00.00,하이드레이션,2026-05-11
1-Day_Color_Sph,BELLA D_Star + -01.75,누수규격,2026-05-14
1-Day_Color_Sph,BELLA D_Star + -01.75,접착,2026-05-13
1-Day_Color_Sph,BELLA D_Star + -01.75,하이드레이션,2026-05-11
1-Day_Color_Sph,BELLA D_Star + -03.75,누수규격,2026-05-14
1-Day_Color_Sph,BELLA D_Star + -03.75,분리,2026-05-10
1-Day_Color_Sph,BELLA D_Star + -03.75,사출,2026-05-09
1-Day_Color_Sph,BELLA D_Star + -03.75,접착,2026-05-13
1-Day_Color_Sph,BELLA D_Star + -03.75,하이드레이션,2026-05-11
1-Day_Color_Sph,BELLA D_Star + -04.00,누수규격,2026-05-14
1-Day_Color_Sph,BELLA D_Star + -04.00,분리,2026-05-10
1-Day_Color_Sph,BELLA D_Star + -04.00,사출,2026-05-09
1-Day_Color_Sph,BELLA D_Star + -04.00,접착,2026-05-13
1-Day_Color_Sph,BELLA D_Star + -04.00,하이드레이션,2026-05-11
1-Day_Color_Sph,BELLA D_Star + -04.50,누수규격,2026-05-14
1-Day_Color_Sph,BELLA D_Star + -04.50,분리,2026-05-10
1-Day_Color_Sph,BELLA D_Star + -04.50,사출,2026-05-09
1-Day_Color_Sph,BELLA D_Star + -04.50,접착,2026-05-13
1-Day_Color_Sph,BELLA D_Star + -04.50,하이드레이션,2026-05-11
1-Day_Color_Sph,DYE D_LAVA + -04.00,누수규격,2026-05-14
1-Day_Color_Sph,DYE D_LAVA + -04.00,분리,2026-05-10
1-Day_Color_Sph,DYE D_LAVA + -04.00,사출,2026-05-09
1-Day_Color_Sph,DYE D_LAVA + -04.00,접착,2026-05-13
1-Day_Color_Sph,DYE D_LAVA + -04.00,하이드레이션,2026-05-11
1-Day_Color_Sph,JEWEL MOON D_Ice gray Moon + -01.50,누수규격,2026-05-11
1-Day_Color_Sph,JEWEL MOON D_Ice gray Moon + -01.50,접착,2026-05-10
1-Day_Color_Sph,JEWEL MOON D_Ice gray Moon + -01.75,누수규격,2026-05-11
1-Day_Color_Sph,JEWEL MOON D_Ice gray Moon + -01.75,접착,2026-05-10
1-Day_Color_Sph,JEWEL MOON D_Ice gray Moon + -02.75,누수규격,2026-05-11
1-Day_Color_Sph,JEWEL MOON D_Ice gray Moon + -02.75,접착,2026-05-10
1-Day_Color_Sph,JEWEL MOON D_Ice gray Moon + -05.75,누수규격,2026-05-11
1-Day_Color_Sph,JEWEL MOON D_Ice gray Moon + -05.75,접착,2026-05-10
1-Day_Sph,sincere Natural 1day + -01.75,누수규격,2026-05-04
1-Day_Sph,sincere Natural 1day + -01.75,접착,2026-05-03
Si_1-Day_Color_Sph,Clalen O2O2 D_Deep Black_45% + -00.00,분리,2026-04-02
Si_1-Day_Color_Sph,Clalen O2O2 D_Deep Black_45% + -00.00,사출,2026-04-01
Si_1-Day_Color_Sph,Clalen O2O2 D_Deep Black_45% + -01.00,분리,2026-04-02
Si_1-Day_Color_Sph,Clalen O2O2 D_Deep Black_45% + -01.00,사출,2026-04-01
Si_1-Day_Color_Sph,Clalen O2O2 D_Deep Black_45% + -01.25,분리,2026-04-02
Si_1-Day_Color_Sph,Clalen O2O2 D_Deep Black_45% + -01.25,사출,2026-04-01
Si_1-Day_Color_Sph,Clalen O2O2 D_Deep Black_45% + -01.50,누수규격,2026-04-26
Si_1-Day_Color_Sph,Clalen O2O2 D_Deep Black_45% + -01.50,분리,2026-04-02
Si_1-Day_Color_Sph,Clalen O2O2 D_Deep Black_45% + -01.50,사출,2026-04-01
Si_1-Day_Color_Sph,Clalen O2O2 D_Deep Black_45% + -01.50,접착,2026-04-25
Si_1-Day_Color_Sph,Clalen O2O2 D_Deep Black_45% + -01.50,하이드레이션,2026-04-23
Si_1-Day_Color_Sph,Clalen O2O2 D_Deep Black_45% + -01.75,누수규격,2026-04-06
Si_1-Day_Color_Sph,Clalen O2O2 D_Deep Black_45% + -01.75,분리,2026-04-02
Si_1-Day_Color_Sph,Clalen O2O2 D_Deep Black_45% + -01.75,사출,2026-04-01
Si_1-Day_Color_Sph,Clalen O2O2 D_Deep Black_45% + -01.75,접착,2026-04-05
Si_1-Day_Color_Sph,Clalen O2O2 D_Deep Black_45% + -01.75,하이드레이션,2026-04-03
Si_1-Day_Color_Sph,Clalen O2O2 D_Deep Black_45% + -02.00,분리,2026-04-02
Si_1-Day_Color_Sph,Clalen O2O2 D_Deep Black_45% + -02.00,사출,2026-04-01
Si_1-Day_Color_Sph,Clalen O2O2 D_Deep Black_45% + -02.25,분리,2026-04-02
Si_1-Day_Color_Sph,Clalen O2O2 D_Deep Black_45% + -02.25,사출,2026-04-01
Si_1-Day_Color_Sph,Clalen O2O2 D_Deep Black_45% + -02.50,분리,2026-04-02
Si_1-Day_Color_Sph,Clalen O2O2 D_Deep Black_45% + -02.50,사출,2026-04-01
Si_1-Day_Color_Sph,Clalen O2O2 D_Deep Black_45% + -02.75,분리,2026-04-02
Si_1-Day_Color_Sph,Clalen O2O2 D_Deep Black_45% + -02.75,사출,2026-04-01
Si_1-Day_Color_Sph,Clalen O2O2 D_Deep Black_45% + -03.00,분리,2026-04-02
Si_1-Day_Color_Sph,Clalen O2O2 D_Deep Black_45% + -03.00,사출,2026-04-01
Si_1-Day_Color_Sph,Clalen O2O2 D_Deep Black_45% + -03.25,분리,2026-04-02
Si_1-Day_Color_Sph,Clalen O2O2 D_Deep Black_45% + -03.25,사출,2026-04-01
Si_1-Day_Color_Sph,Clalen O2O2 D_Deep Black_45% + -03.50,분리,2026-04-02
Si_1-Day_Color_Sph,Clalen O2O2 D_Deep Black_45% + -03.75,분리,2026-04-02
Si_1-Day_Color_Sph,Clalen O2O2 D_Deep Black_45% + -03.75,사출,2026-04-01
Si_1-Day_Color_Sph,Clalen O2O2 D_Deep Black_45% + -04.00,분리,2026-04-02
Si_1-Day_Color_Sph,Clalen O2O2 D_Deep Black_45% + -04.00,사출,2026-04-01
Si_1-Day_Color_Sph,Clalen O2O2 D_Deep Black_45% + -04.25,분리,2026-04-02
Si_1-Day_Color_Sph,Clalen O2O2 D_Deep Black_45% + -04.25,사출,2026-04-01
Si_1-Day_Color_Sph,Clalen O2O2 D_Deep Black_45% + -04.50,분리,2026-04-02
Si_1-Day_Color_Sph,Clalen O2O2 D_Deep Black_45% + -04.50,사출,2026-04-01
Si_1-Day_Color_Sph,Clalen O2O2 D_Deep Black_45% + -04.75,누수규격,2026-04-06
Si_1-Day_Color_Sph,Clalen O2O2 D_Deep Black_45% + -04.75,분리,2026-04-02
Si_1-Day_Color_Sph,Clalen O2O2 D_Deep Black_45% + -04.75,사출,2026-04-01
Si_1-Day_Color_Sph,Clalen O2O2 D_Deep Black_45% + -04.75,접착,2026-04-05
Si_1-Day_Color_Sph,Clalen O2O2 D_Deep Black_45% + -04.75,하이드레이션,2026-04-03
Si_1-Day_Color_Sph,Clalen O2O2 D_Deep Black_45% + -05.00,분리,2026-04-02
Si_1-Day_Color_Sph,Clalen O2O2 D_Deep Black_45% + -05.00,사출,2026-04-01
Si_1-Day_Color_Sph,Clalen O2O2 D_Deep Black_45% + -05.50,분리,2026-04-02
Si_1-Day_Color_Sph,Clalen O2O2 D_Deep Black_45% + -05.50,사출,2026-04-01
Si_1-Day_Color_Sph,Clalen O2O2 D_Deep Black_45% + -06.00,분리,2026-04-02
Si_1-Day_Color_Sph,Clalen O2O2 D_Deep Black_45% + -06.00,사출,2026-04-01
Si_1-Day_Color_Sph,Clalen O2O2 D_Deep Black_45% + -06.50,누수규격,2026-04-06
Si_1-Day_Color_Sph,Clalen O2O2 D_Deep Black_45% + -06.50,분리,2026-04-02
Si_1-Day_Color_Sph,Clalen O2O2 D_Deep Black_45% + -06.50,사출,2026-04-01
Si_1-Day_Color_Sph,Clalen O2O2 D_Deep Black_45% + -06.50,접착,2026-04-05
Si_1-Day_Color_Sph,Clalen O2O2 D_Deep Black_45% + -06.50,하이드레이션,2026-04-03
Si_1-Day_Color_Sph,Clalen O2O2 D_Deep Black_45% + -07.00,누수규격,2026-04-06
Si_1-Day_Color_Sph,Clalen O2O2 D_Deep Black_45% + -07.00,분리,2026-04-02
Si_1-Day_Color_Sph,Clalen O2O2 D_Deep Black_45% + -07.00,사출,2026-04-01
Si_1-Day_Color_Sph,Clalen O2O2 D_Deep Black_45% + -07.00,접착,2026-04-05
Si_1-Day_Color_Sph,Clalen O2O2 D_Deep Black_45% + -07.00,하이드레이션,2026-04-03
Si_1-Day_Color_Sph,Clalen O2O2 D_Deep Black_45% + -07.50,누수규격,2026-04-06
Si_1-Day_Color_Sph,Clalen O2O2 D_Deep Black_45% + -07.50,분리,2026-04-02
Si_1-Day_Color_Sph,Clalen O2O2 D_Deep Black_45% + -07.50,사출,2026-04-01
Si_1-Day_Color_Sph,Clalen O2O2 D_Deep Black_45% + -07.50,접착,2026-04-05
Si_1-Day_Color_Sph,Clalen O2O2 D_Deep Black_45% + -07.50,하이드레이션,2026-04-03
Si_1-Day_Color_Sph,Clalen O2O2 D_Deep Black_45% + -08.00,누수규격,2026-04-06
Si_1-Day_Color_Sph,Clalen O2O2 D_Deep Black_45% + -08.00,분리,2026-04-02
Si_1-Day_Color_Sph,Clalen O2O2 D_Deep Black_45% + -08.00,사출,2026-04-01
Si_1-Day_Color_Sph,Clalen O2O2 D_Deep Black_45% + -08.00,접착,2026-04-05
Si_1-Day_Color_Sph,Clalen O2O2 D_Deep Black_45% + -08.00,하이드레이션,2026-04-03
Si_1-Day_Color_Sph,Clalen O2O2 D_Lake Gray_45% + -01.00,누수규격,2026-04-10
Si_1-Day_Color_Sph,Clalen O2O2 D_Lake Gray_45% + -01.00,분리,2026-04-06
Si_1-Day_Color_Sph,Clalen O2O2 D_Lake Gray_45% + -01.00,사출,2026-04-05
Si_1-Day_Color_Sph,Clalen O2O2 D_Lake Gray_45% + -01.00,접착,2026-04-09
Si_1-Day_Color_Sph,Clalen O2O2 D_Lake Gray_45% + -01.00,하이드레이션,2026-04-07
Si_1-Day_Color_Sph,Clalen O2O2 D_Lake Gray_45% + -01.25,누수규격,2026-04-10
Si_1-Day_Color_Sph,Clalen O2O2 D_Lake Gray_45% + -01.25,분리,2026-04-06
Si_1-Day_Color_Sph,Clalen O2O2 D_Lake Gray_45% + -01.25,사출,2026-04-05
Si_1-Day_Color_Sph,Clalen O2O2 D_Lake Gray_45% + -01.25,접착,2026-04-09
Si_1-Day_Color_Sph,Clalen O2O2 D_Lake Gray_45% + -01.25,하이드레이션,2026-04-07
Si_1-Day_Color_Sph,Clalen O2O2 D_Lake Gray_45% + -01.50,누수규격,2026-04-10
Si_1-Day_Color_Sph,Clalen O2O2 D_Lake Gray_45% + -01.50,분리,2026-04-06
Si_1-Day_Color_Sph,Clalen O2O2 D_Lake Gray_45% + -01.50,사출,2026-04-05
Si_1-Day_Color_Sph,Clalen O2O2 D_Lake Gray_45% + -01.50,접착,2026-04-09
Si_1-Day_Color_Sph,Clalen O2O2 D_Lake Gray_45% + -01.50,하이드레이션,2026-04-07
Si_1-Day_Color_Sph,Clalen O2O2 D_Lake Gray_45% + -01.75,누수규격,2026-04-10
Si_1-Day_Color_Sph,Clalen O2O2 D_Lake Gray_45% + -01.75,분리,2026-04-06
Si_1-Day_Color_Sph,Clalen O2O2 D_Lake Gray_45% + -01.75,사출,2026-04-05
Si_1-Day_Color_Sph,Clalen O2O2 D_Lake Gray_45% + -01.75,접착,2026-04-09
Si_1-Day_Color_Sph,Clalen O2O2 D_Lake Gray_45% + -01.75,하이드레이션,2026-04-07
Si_1-Day_Color_Sph,Clalen O2O2 D_Lake Gray_45% + -02.00,분리,2026-04-06
Si_1-Day_Color_Sph,Clalen O2O2 D_Lake Gray_45% + -02.00,사출,2026-04-05
Si_1-Day_Color_Sph,Clalen O2O2 D_Lake Gray_45% + -02.25,누수규격,2026-04-10
Si_1-Day_Color_Sph,Clalen O2O2 D_Lake Gray_45% + -02.25,분리,2026-04-06
Si_1-Day_Color_Sph,Clalen O2O2 D_Lake Gray_45% + -02.25,사출,2026-04-05
Si_1-Day_Color_Sph,Clalen O2O2 D_Lake Gray_45% + -02.25,접착,2026-04-09
Si_1-Day_Color_Sph,Clalen O2O2 D_Lake Gray_45% + -02.25,하이드레이션,2026-04-07
Si_1-Day_Color_Sph,Clalen O2O2 D_Lake Gray_45% + -02.50,누수규격,2026-04-10
Si_1-Day_Color_Sph,Clalen O2O2 D_Lake Gray_45% + -02.50,분리,2026-04-06
Si_1-Day_Color_Sph,Clalen O2O2 D_Lake Gray_45% + -02.50,사출,2026-04-05
Si_1-Day_Color_Sph,Clalen O2O2 D_Lake Gray_45% + -02.50,접착,2026-04-09
Si_1-Day_Color_Sph,Clalen O2O2 D_Lake Gray_45% + -02.50,하이드레이션,2026-04-07
Si_1-Day_Color_Sph,Clalen O2O2 D_Lake Gray_45% + -02.75,누수규격,2026-04-10
Si_1-Day_Color_Sph,Clalen O2O2 D_Lake Gray_45% + -02.75,분리,2026-04-06
Si_1-Day_Color_Sph,Clalen O2O2 D_Lake Gray_45% + -02.75,사출,2026-04-05
Si_1-Day_Color_Sph,Clalen O2O2 D_Lake Gray_45% + -02.75,접착,2026-04-09
Si_1-Day_Color_Sph,Clalen O2O2 D_Lake Gray_45% + -02.75,하이드레이션,2026-04-07
Si_1-Day_Color_Sph,Clalen O2O2 D_Lake Gray_45% + -03.00,누수규격,2026-04-10
Si_1-Day_Color_Sph,Clalen O2O2 D_Lake Gray_45% + -03.00,분리,2026-04-06
Si_1-Day_Color_Sph,Clalen O2O2 D_Lake Gray_45% + -03.00,사출,2026-04-05
Si_1-Day_Color_Sph,Clalen O2O2 D_Lake Gray_45% + -03.00,접착,2026-04-09
Si_1-Day_Color_Sph,Clalen O2O2 D_Lake Gray_45% + -03.00,하이드레이션,2026-04-07
Si_1-Day_Color_Sph,Clalen O2O2 D_Lake Gray_45% + -03.25,누수규격,2026-04-10
Si_1-Day_Color_Sph,Clalen O2O2 D_Lake Gray_45% + -03.25,분리,2026-04-06
Si_1-Day_Color_Sph,Clalen O2O2 D_Lake Gray_45% + -03.25,사출,2026-04-05
Si_1-Day_Color_Sph,Clalen O2O2 D_Lake Gray_45% + -03.25,접착,2026-04-09
Si_1-Day_Color_Sph,Clalen O2O2 D_Lake Gray_45% + -03.25,하이드레이션,2026-04-07
Si_1-Day_Color_Sph,Clalen O2O2 D_Lake Gray_45% + -03.50,누수규격,2026-04-26
Si_1-Day_Color_Sph,Clalen O2O2 D_Lake Gray_45% + -03.50,분리,2026-04-06
Si_1-Day_Color_Sph,Clalen O2O2 D_Lake Gray_45% + -03.50,사출,2026-04-05
Si_1-Day_Color_Sph,Clalen O2O2 D_Lake Gray_45% + -03.50,접착,2026-04-25
Si_1-Day_Color_Sph,Clalen O2O2 D_Lake Gray_45% + -03.50,하이드레이션,2026-04-23
Si_1-Day_Color_Sph,Clalen O2O2 D_Lake Gray_45% + -03.75,누수규격,2026-04-10
Si_1-Day_Color_Sph,Clalen O2O2 D_Lake Gray_45% + -03.75,분리,2026-04-06
Si_1-Day_Color_Sph,Clalen O2O2 D_Lake Gray_45% + -03.75,사출,2026-04-05
Si_1-Day_Color_Sph,Clalen O2O2 D_Lake Gray_45% + -03.75,접착,2026-04-09
Si_1-Day_Color_Sph,Clalen O2O2 D_Lake Gray_45% + -03.75,하이드레이션,2026-04-07
Si_1-Day_Color_Sph,Clalen O2O2 D_Lake Gray_45% + -04.00,누수규격,2026-04-10
Si_1-Day_Color_Sph,Clalen O2O2 D_Lake Gray_45% + -04.00,분리,2026-04-06
Si_1-Day_Color_Sph,Clalen O2O2 D_Lake Gray_45% + -04.00,사출,2026-04-05
Si_1-Day_Color_Sph,Clalen O2O2 D_Lake Gray_45% + -04.00,접착,2026-04-09
Si_1-Day_Color_Sph,Clalen O2O2 D_Lake Gray_45% + -04.00,하이드레이션,2026-04-07
Si_1-Day_Color_Sph,Clalen O2O2 D_Lake Gray_45% + -04.25,누수규격,2026-04-10
Si_1-Day_Color_Sph,Clalen O2O2 D_Lake Gray_45% + -04.25,분리,2026-04-06
Si_1-Day_Color_Sph,Clalen O2O2 D_Lake Gray_45% + -04.25,사출,2026-04-05
Si_1-Day_Color_Sph,Clalen O2O2 D_Lake Gray_45% + -04.25,접착,2026-04-09
Si_1-Day_Color_Sph,Clalen O2O2 D_Lake Gray_45% + -04.25,하이드레이션,2026-04-07
Si_1-Day_Color_Sph,Clalen O2O2 D_Lake Gray_45% + -04.50,분리,2026-04-06
Si_1-Day_Color_Sph,Clalen O2O2 D_Lake Gray_45% + -04.50,사출,2026-04-05
Si_1-Day_Color_Sph,Clalen O2O2 D_Lake Gray_45% + -04.75,누수규격,2026-04-26
Si_1-Day_Color_Sph,Clalen O2O2 D_Lake Gray_45% + -04.75,분리,2026-04-06
Si_1-Day_Color_Sph,Clalen O2O2 D_Lake Gray_45% + -04.75,사출,2026-04-05
Si_1-Day_Color_Sph,Clalen O2O2 D_Lake Gray_45% + -04.75,접착,2026-04-25
Si_1-Day_Color_Sph,Clalen O2O2 D_Lake Gray_45% + -04.75,하이드레이션,2026-04-23
Si_1-Day_Color_Sph,Clalen O2O2 D_Lake Gray_45% + -05.00,누수규격,2026-04-26
Si_1-Day_Color_Sph,Clalen O2O2 D_Lake Gray_45% + -05.00,분리,2026-04-06
Si_1-Day_Color_Sph,Clalen O2O2 D_Lake Gray_45% + -05.00,사출,2026-04-05
Si_1-Day_Color_Sph,Clalen O2O2 D_Lake Gray_45% + -05.00,접착,2026-04-25
Si_1-Day_Color_Sph,Clalen O2O2 D_Lake Gray_45% + -05.00,하이드레이션,2026-04-23
Si_1-Day_Color_Sph,Clalen O2O2 D_Lake Gray_45% + -05.50,누수규격,2026-04-10
Si_1-Day_Color_Sph,Clalen O2O2 D_Lake Gray_45% + -05.50,분리,2026-04-06
Si_1-Day_Color_Sph,Clalen O2O2 D_Lake Gray_45% + -05.50,사출,2026-04-05
Si_1-Day_Color_Sph,Clalen O2O2 D_Lake Gray_45% + -05.50,접착,2026-04-09
Si_1-Day_Color_Sph,Clalen O2O2 D_Lake Gray_45% + -05.50,하이드레이션,2026-04-07
Si_1-Day_Color_Sph,Clalen O2O2 D_Lake Gray_45% + -06.00,누수규격,2026-04-26
Si_1-Day_Color_Sph,Clalen O2O2 D_Lake Gray_45% + -06.00,분리,2026-04-06
Si_1-Day_Color_Sph,Clalen O2O2 D_Lake Gray_45% + -06.00,사출,2026-04-05
Si_1-Day_Color_Sph,Clalen O2O2 D_Lake Gray_45% + -06.00,접착,2026-04-25
Si_1-Day_Color_Sph,Clalen O2O2 D_Lake Gray_45% + -06.00,하이드레이션,2026-04-23
Si_1-Day_Color_Sph,Clalen O2O2 D_Lake Gray_45% + -06.50,누수규격,2026-04-10
Si_1-Day_Color_Sph,Clalen O2O2 D_Lake Gray_45% + -06.50,분리,2026-04-06
Si_1-Day_Color_Sph,Clalen O2O2 D_Lake Gray_45% + -06.50,사출,2026-04-05
Si_1-Day_Color_Sph,Clalen O2O2 D_Lake Gray_45% + -06.50,접착,2026-04-09
Si_1-Day_Color_Sph,Clalen O2O2 D_Lake Gray_45% + -06.50,하이드레이션,2026-04-07
Si_1-Day_Color_Sph,Clalen O2O2 D_Lake Gray_45% + -07.00,누수규격,2026-04-10
Si_1-Day_Color_Sph,Clalen O2O2 D_Lake Gray_45% + -07.00,분리,2026-04-06
Si_1-Day_Color_Sph,Clalen O2O2 D_Lake Gray_45% + -07.00,사출,2026-04-05
Si_1-Day_Color_Sph,Clalen O2O2 D_Lake Gray_45% + -07.00,접착,2026-04-09
Si_1-Day_Color_Sph,Clalen O2O2 D_Lake Gray_45% + -07.00,하이드레이션,2026-04-07
Si_1-Day_Color_Sph,Clalen O2O2 D_Lake Gray_45% + -07.50,누수규격,2026-04-10
Si_1-Day_Color_Sph,Clalen O2O2 D_Lake Gray_45% + -07.50,분리,2026-04-06
Si_1-Day_Color_Sph,Clalen O2O2 D_Lake Gray_45% + -07.50,사출,2026-04-05
Si_1-Day_Color_Sph,Clalen O2O2 D_Lake Gray_45% + -07.50,접착,2026-04-09
Si_1-Day_Color_Sph,Clalen O2O2 D_Lake Gray_45% + -07.50,하이드레이션,2026-04-07
Si_1-Day_Color_Sph,Clalen O2O2 D_Lake Gray_45% + -08.00,누수규격,2026-04-10
Si_1-Day_Color_Sph,Clalen O2O2 D_Lake Gray_45% + -08.00,분리,2026-04-06
Si_1-Day_Color_Sph,Clalen O2O2 D_Lake Gray_45% + -08.00,사출,2026-04-05
Si_1-Day_Color_Sph,Clalen O2O2 D_Lake Gray_45% + -08.00,접착,2026-04-09
Si_1-Day_Color_Sph,Clalen O2O2 D_Lake Gray_45% + -08.00,하이드레이션,2026-04-07
Si_1-Day_Color_Sph,Clalen O2O2 D_Mute Brown_45% + -00.00,분리,2026-04-09
Si_1-Day_Color_Sph,Clalen O2O2 D_Mute Brown_45% + -00.00,사출,2026-04-08
Si_1-Day_Color_Sph,Clalen O2O2 D_Mute Brown_45% + -01.00,누수규격,2026-04-13
Si_1-Day_Color_Sph,Clalen O2O2 D_Mute Brown_45% + -01.00,분리,2026-04-09
Si_1-Day_Color_Sph,Clalen O2O2 D_Mute Brown_45% + -01.00,사출,2026-04-21
Si_1-Day_Color_Sph,Clalen O2O2 D_Mute Brown_45% + -01.00,접착,2026-04-12
Si_1-Day_Color_Sph,Clalen O2O2 D_Mute Brown_45% + -01.00,하이드레이션,2026-04-10
Si_1-Day_Color_Sph,Clalen O2O2 D_Mute Brown_45% + -01.25,누수규격,2026-04-13
Si_1-Day_Color_Sph,Clalen O2O2 D_Mute Brown_45% + -01.25,분리,2026-04-09
Si_1-Day_Color_Sph,Clalen O2O2 D_Mute Brown_45% + -01.25,사출,2026-04-21
Si_1-Day_Color_Sph,Clalen O2O2 D_Mute Brown_45% + -01.25,접착,2026-04-12
Si_1-Day_Color_Sph,Clalen O2O2 D_Mute Brown_45% + -01.25,하이드레이션,2026-04-10
Si_1-Day_Color_Sph,Clalen O2O2 D_Mute Brown_45% + -01.50,누수규격,2026-04-26
Si_1-Day_Color_Sph,Clalen O2O2 D_Mute Brown_45% + -01.50,접착,2026-04-25
Si_1-Day_Color_Sph,Clalen O2O2 D_Mute Brown_45% + -01.75,누수규격,2026-04-13
Si_1-Day_Color_Sph,Clalen O2O2 D_Mute Brown_45% + -01.75,분리,2026-04-09
Si_1-Day_Color_Sph,Clalen O2O2 D_Mute Brown_45% + -01.75,사출,2026-04-08
Si_1-Day_Color_Sph,Clalen O2O2 D_Mute Brown_45% + -01.75,접착,2026-04-12
Si_1-Day_Color_Sph,Clalen O2O2 D_Mute Brown_45% + -01.75,하이드레이션,2026-04-10
Si_1-Day_Color_Sph,Clalen O2O2 D_Mute Brown_45% + -02.00,누수규격,2026-04-13
Si_1-Day_Color_Sph,Clalen O2O2 D_Mute Brown_45% + -02.00,분리,2026-04-09
Si_1-Day_Color_Sph,Clalen O2O2 D_Mute Brown_45% + -02.00,사출,2026-04-08
Si_1-Day_Color_Sph,Clalen O2O2 D_Mute Brown_45% + -02.00,접착,2026-04-12
Si_1-Day_Color_Sph,Clalen O2O2 D_Mute Brown_45% + -02.00,하이드레이션,2026-04-10
Si_1-Day_Color_Sph,Clalen O2O2 D_Mute Brown_45% + -02.25,누수규격,2026-04-13
Si_1-Day_Color_Sph,Clalen O2O2 D_Mute Brown_45% + -02.25,분리,2026-04-09
Si_1-Day_Color_Sph,Clalen O2O2 D_Mute Brown_45% + -02.25,사출,2026-04-08
Si_1-Day_Color_Sph,Clalen O2O2 D_Mute Brown_45% + -02.25,접착,2026-04-12
Si_1-Day_Color_Sph,Clalen O2O2 D_Mute Brown_45% + -02.25,하이드레이션,2026-04-10
Si_1-Day_Color_Sph,Clalen O2O2 D_Mute Brown_45% + -02.50,누수규격,2026-04-13
Si_1-Day_Color_Sph,Clalen O2O2 D_Mute Brown_45% + -02.50,분리,2026-04-09
Si_1-Day_Color_Sph,Clalen O2O2 D_Mute Brown_45% + -02.50,사출,2026-04-08
Si_1-Day_Color_Sph,Clalen O2O2 D_Mute Brown_45% + -02.50,접착,2026-04-12
Si_1-Day_Color_Sph,Clalen O2O2 D_Mute Brown_45% + -02.50,하이드레이션,2026-04-10
Si_1-Day_Color_Sph,Clalen O2O2 D_Mute Brown_45% + -02.75,누수규격,2026-04-13
Si_1-Day_Color_Sph,Clalen O2O2 D_Mute Brown_45% + -02.75,분리,2026-04-09
Si_1-Day_Color_Sph,Clalen O2O2 D_Mute Brown_45% + -02.75,사출,2026-04-08
Si_1-Day_Color_Sph,Clalen O2O2 D_Mute Brown_45% + -02.75,접착,2026-04-12
Si_1-Day_Color_Sph,Clalen O2O2 D_Mute Brown_45% + -02.75,하이드레이션,2026-04-10
Si_1-Day_Color_Sph,Clalen O2O2 D_Mute Brown_45% + -03.00,누수규격,2026-04-13
Si_1-Day_Color_Sph,Clalen O2O2 D_Mute Brown_45% + -03.00,분리,2026-04-09
Si_1-Day_Color_Sph,Clalen O2O2 D_Mute Brown_45% + -03.00,사출,2026-04-08
Si_1-Day_Color_Sph,Clalen O2O2 D_Mute Brown_45% + -03.00,접착,2026-04-12
Si_1-Day_Color_Sph,Clalen O2O2 D_Mute Brown_45% + -03.00,하이드레이션,2026-04-10
Si_1-Day_Color_Sph,Clalen O2O2 D_Mute Brown_45% + -03.25,누수규격,2026-04-13
Si_1-Day_Color_Sph,Clalen O2O2 D_Mute Brown_45% + -03.25,분리,2026-04-09
Si_1-Day_Color_Sph,Clalen O2O2 D_Mute Brown_45% + -03.25,사출,2026-04-08
Si_1-Day_Color_Sph,Clalen O2O2 D_Mute Brown_45% + -03.25,접착,2026-04-12
Si_1-Day_Color_Sph,Clalen O2O2 D_Mute Brown_45% + -03.25,하이드레이션,2026-04-10
Si_1-Day_Color_Sph,Clalen O2O2 D_Mute Brown_45% + -03.50,누수규격,2026-04-13
Si_1-Day_Color_Sph,Clalen O2O2 D_Mute Brown_45% + -03.50,분리,2026-04-09
Si_1-Day_Color_Sph,Clalen O2O2 D_Mute Brown_45% + -03.50,사출,2026-04-08
Si_1-Day_Color_Sph,Clalen O2O2 D_Mute Brown_45% + -03.50,접착,2026-04-12
Si_1-Day_Color_Sph,Clalen O2O2 D_Mute Brown_45% + -03.50,하이드레이션,2026-04-10
Si_1-Day_Color_Sph,Clalen O2O2 D_Mute Brown_45% + -03.75,누수규격,2026-04-13
Si_1-Day_Color_Sph,Clalen O2O2 D_Mute Brown_45% + -03.75,분리,2026-04-09
Si_1-Day_Color_Sph,Clalen O2O2 D_Mute Brown_45% + -03.75,사출,2026-04-08
Si_1-Day_Color_Sph,Clalen O2O2 D_Mute Brown_45% + -03.75,접착,2026-04-12
Si_1-Day_Color_Sph,Clalen O2O2 D_Mute Brown_45% + -03.75,하이드레이션,2026-04-10
Si_1-Day_Color_Sph,Clalen O2O2 D_Mute Brown_45% + -04.00,누수규격,2026-04-13
Si_1-Day_Color_Sph,Clalen O2O2 D_Mute Brown_45% + -04.00,분리,2026-04-09
Si_1-Day_Color_Sph,Clalen O2O2 D_Mute Brown_45% + -04.00,사출,2026-04-08
Si_1-Day_Color_Sph,Clalen O2O2 D_Mute Brown_45% + -04.00,접착,2026-04-12
Si_1-Day_Color_Sph,Clalen O2O2 D_Mute Brown_45% + -04.00,하이드레이션,2026-04-10
Si_1-Day_Color_Sph,Clalen O2O2 D_Mute Brown_45% + -04.25,누수규격,2026-04-13
Si_1-Day_Color_Sph,Clalen O2O2 D_Mute Brown_45% + -04.25,분리,2026-04-09
Si_1-Day_Color_Sph,Clalen O2O2 D_Mute Brown_45% + -04.25,사출,2026-04-08
Si_1-Day_Color_Sph,Clalen O2O2 D_Mute Brown_45% + -04.25,접착,2026-04-12
Si_1-Day_Color_Sph,Clalen O2O2 D_Mute Brown_45% + -04.25,하이드레이션,2026-04-10
Si_1-Day_Color_Sph,Clalen O2O2 D_Mute Brown_45% + -04.50,누수규격,2026-04-13
Si_1-Day_Color_Sph,Clalen O2O2 D_Mute Brown_45% + -04.50,분리,2026-04-09
Si_1-Day_Color_Sph,Clalen O2O2 D_Mute Brown_45% + -04.50,사출,2026-04-08
Si_1-Day_Color_Sph,Clalen O2O2 D_Mute Brown_45% + -04.50,접착,2026-04-12
Si_1-Day_Color_Sph,Clalen O2O2 D_Mute Brown_45% + -04.50,하이드레이션,2026-04-10
Si_1-Day_Color_Sph,Clalen O2O2 D_Mute Brown_45% + -04.75,누수규격,2026-04-13
Si_1-Day_Color_Sph,Clalen O2O2 D_Mute Brown_45% + -04.75,분리,2026-04-09
Si_1-Day_Color_Sph,Clalen O2O2 D_Mute Brown_45% + -04.75,사출,2026-04-08
Si_1-Day_Color_Sph,Clalen O2O2 D_Mute Brown_45% + -04.75,접착,2026-04-12
Si_1-Day_Color_Sph,Clalen O2O2 D_Mute Brown_45% + -04.75,하이드레이션,2026-04-10
Si_1-Day_Color_Sph,Clalen O2O2 D_Mute Brown_45% + -05.00,누수규격,2026-04-13
Si_1-Day_Color_Sph,Clalen O2O2 D_Mute Brown_45% + -05.00,분리,2026-04-09
Si_1-Day_Color_Sph,Clalen O2O2 D_Mute Brown_45% + -05.00,사출,2026-04-08
Si_1-Day_Color_Sph,Clalen O2O2 D_Mute Brown_45% + -05.00,접착,2026-04-12
Si_1-Day_Color_Sph,Clalen O2O2 D_Mute Brown_45% + -05.00,하이드레이션,2026-04-10
Si_1-Day_Color_Sph,Clalen O2O2 D_Mute Brown_45% + -05.50,누수규격,2026-04-13
Si_1-Day_Color_Sph,Clalen O2O2 D_Mute Brown_45% + -05.50,분리,2026-04-09
Si_1-Day_Color_Sph,Clalen O2O2 D_Mute Brown_45% + -05.50,사출,2026-04-08
Si_1-Day_Color_Sph,Clalen O2O2 D_Mute Brown_45% + -05.50,접착,2026-04-12
Si_1-Day_Color_Sph,Clalen O2O2 D_Mute Brown_45% + -05.50,하이드레이션,2026-04-10
Si_1-Day_Color_Sph,Clalen O2O2 D_Mute Brown_45% + -06.00,누수규격,2026-04-13
Si_1-Day_Color_Sph,Clalen O2O2 D_Mute Brown_45% + -06.00,분리,2026-04-09
Si_1-Day_Color_Sph,Clalen O2O2 D_Mute Brown_45% + -06.00,사출,2026-04-08
Si_1-Day_Color_Sph,Clalen O2O2 D_Mute Brown_45% + -06.00,접착,2026-04-12
Si_1-Day_Color_Sph,Clalen O2O2 D_Mute Brown_45% + -06.00,하이드레이션,2026-04-10
Si_1-Day_Color_Sph,Clalen O2O2 D_Mute Brown_45% + -06.50,누수규격,2026-04-13
Si_1-Day_Color_Sph,Clalen O2O2 D_Mute Brown_45% + -06.50,분리,2026-04-09
Si_1-Day_Color_Sph,Clalen O2O2 D_Mute Brown_45% + -06.50,사출,2026-04-08
Si_1-Day_Color_Sph,Clalen O2O2 D_Mute Brown_45% + -06.50,접착,2026-04-12
Si_1-Day_Color_Sph,Clalen O2O2 D_Mute Brown_45% + -06.50,하이드레이션,2026-04-10
Si_1-Day_Color_Sph,Clalen O2O2 D_Mute Brown_45% + -07.00,누수규격,2026-04-13
Si_1-Day_Color_Sph,Clalen O2O2 D_Mute Brown_45% + -07.00,분리,2026-04-09
Si_1-Day_Color_Sph,Clalen O2O2 D_Mute Brown_45% + -07.00,사출,2026-04-08
Si_1-Day_Color_Sph,Clalen O2O2 D_Mute Brown_45% + -07.00,접착,2026-04-12
Si_1-Day_Color_Sph,Clalen O2O2 D_Mute Brown_45% + -07.00,하이드레이션,2026-04-10
Si_1-Day_Color_Sph,Clalen O2O2 D_Mute Brown_45% + -07.50,누수규격,2026-04-13
Si_1-Day_Color_Sph,Clalen O2O2 D_Mute Brown_45% + -07.50,분리,2026-04-09
Si_1-Day_Color_Sph,Clalen O2O2 D_Mute Brown_45% + -07.50,사출,2026-04-08
Si_1-Day_Color_Sph,Clalen O2O2 D_Mute Brown_45% + -07.50,접착,2026-04-12
Si_1-Day_Color_Sph,Clalen O2O2 D_Mute Brown_45% + -07.50,하이드레이션,2026-04-10
Si_1-Day_Color_Sph,Clalen O2O2 D_Mute Brown_45% + -08.00,누수규격,2026-04-13
Si_1-Day_Color_Sph,Clalen O2O2 D_Mute Brown_45% + -08.00,분리,2026-04-09
Si_1-Day_Color_Sph,Clalen O2O2 D_Mute Brown_45% + -08.00,사출,2026-04-08
Si_1-Day_Color_Sph,Clalen O2O2 D_Mute Brown_45% + -08.00,접착,2026-04-12
Si_1-Day_Color_Sph,Clalen O2O2 D_Mute Brown_45% + -08.00,하이드레이션,2026-04-10
Si_1-Day_Color_Sph,Clalen O2O2 D_Pale Choco_45% + -01.00,분리,2026-03-30
Si_1-Day_Color_Sph,Clalen O2O2 D_Pale Choco_45% + -01.00,사출,2026-03-29
Si_1-Day_Color_Sph,Clalen O2O2 D_Pale Choco_45% + -01.25,분리,2026-03-30
Si_1-Day_Color_Sph,Clalen O2O2 D_Pale Choco_45% + -01.25,사출,2026-03-29
Si_1-Day_Color_Sph,Clalen O2O2 D_Pale Choco_45% + -01.50,분리,2026-03-30
Si_1-Day_Color_Sph,Clalen O2O2 D_Pale Choco_45% + -01.50,사출,2026-03-29
Si_1-Day_Color_Sph,Clalen O2O2 D_Pale Choco_45% + -01.75,누수규격,2026-04-26
Si_1-Day_Color_Sph,Clalen O2O2 D_Pale Choco_45% + -01.75,분리,2026-03-30
Si_1-Day_Color_Sph,Clalen O2O2 D_Pale Choco_45% + -01.75,사출,2026-03-29
Si_1-Day_Color_Sph,Clalen O2O2 D_Pale Choco_45% + -01.75,접착,2026-04-25
Si_1-Day_Color_Sph,Clalen O2O2 D_Pale Choco_45% + -01.75,하이드레이션,2026-04-23
Si_1-Day_Color_Sph,Clalen O2O2 D_Pale Choco_45% + -02.00,분리,2026-03-30
Si_1-Day_Color_Sph,Clalen O2O2 D_Pale Choco_45% + -02.00,사출,2026-03-29
Si_1-Day_Color_Sph,Clalen O2O2 D_Pale Choco_45% + -02.25,누수규격,2026-04-26
Si_1-Day_Color_Sph,Clalen O2O2 D_Pale Choco_45% + -02.25,분리,2026-03-30
Si_1-Day_Color_Sph,Clalen O2O2 D_Pale Choco_45% + -02.25,사출,2026-03-29
Si_1-Day_Color_Sph,Clalen O2O2 D_Pale Choco_45% + -02.25,접착,2026-04-25
Si_1-Day_Color_Sph,Clalen O2O2 D_Pale Choco_45% + -02.25,하이드레이션,2026-04-23
Si_1-Day_Color_Sph,Clalen O2O2 D_Pale Choco_45% + -02.50,누수규격,2026-04-26
Si_1-Day_Color_Sph,Clalen O2O2 D_Pale Choco_45% + -02.50,분리,2026-03-30
Si_1-Day_Color_Sph,Clalen O2O2 D_Pale Choco_45% + -02.50,사출,2026-03-29
Si_1-Day_Color_Sph,Clalen O2O2 D_Pale Choco_45% + -02.50,접착,2026-04-25
Si_1-Day_Color_Sph,Clalen O2O2 D_Pale Choco_45% + -02.50,하이드레이션,2026-04-23
Si_1-Day_Color_Sph,Clalen O2O2 D_Pale Choco_45% + -02.75,누수규격,2026-04-03
Si_1-Day_Color_Sph,Clalen O2O2 D_Pale Choco_45% + -02.75,분리,2026-03-30
Si_1-Day_Color_Sph,Clalen O2O2 D_Pale Choco_45% + -02.75,사출,2026-03-29
Si_1-Day_Color_Sph,Clalen O2O2 D_Pale Choco_45% + -02.75,접착,2026-04-02
Si_1-Day_Color_Sph,Clalen O2O2 D_Pale Choco_45% + -02.75,하이드레이션,2026-03-31
Si_1-Day_Color_Sph,Clalen O2O2 D_Pale Choco_45% + -03.00,누수규격,2026-04-26
Si_1-Day_Color_Sph,Clalen O2O2 D_Pale Choco_45% + -03.00,분리,2026-03-30
Si_1-Day_Color_Sph,Clalen O2O2 D_Pale Choco_45% + -03.00,사출,2026-03-29
Si_1-Day_Color_Sph,Clalen O2O2 D_Pale Choco_45% + -03.00,접착,2026-04-25
Si_1-Day_Color_Sph,Clalen O2O2 D_Pale Choco_45% + -03.00,하이드레이션,2026-04-23
Si_1-Day_Color_Sph,Clalen O2O2 D_Pale Choco_45% + -03.25,누수규격,2026-04-26
Si_1-Day_Color_Sph,Clalen O2O2 D_Pale Choco_45% + -03.25,분리,2026-03-30
Si_1-Day_Color_Sph,Clalen O2O2 D_Pale Choco_45% + -03.25,사출,2026-04-21
Si_1-Day_Color_Sph,Clalen O2O2 D_Pale Choco_45% + -03.25,접착,2026-04-25
Si_1-Day_Color_Sph,Clalen O2O2 D_Pale Choco_45% + -03.25,하이드레이션,2026-04-23
Si_1-Day_Color_Sph,Clalen O2O2 D_Pale Choco_45% + -03.50,분리,2026-03-30
Si_1-Day_Color_Sph,Clalen O2O2 D_Pale Choco_45% + -03.50,사출,2026-03-29
Si_1-Day_Color_Sph,Clalen O2O2 D_Pale Choco_45% + -03.75,누수규격,2026-04-26
Si_1-Day_Color_Sph,Clalen O2O2 D_Pale Choco_45% + -03.75,분리,2026-04-22
Si_1-Day_Color_Sph,Clalen O2O2 D_Pale Choco_45% + -03.75,접착,2026-04-25
Si_1-Day_Color_Sph,Clalen O2O2 D_Pale Choco_45% + -03.75,하이드레이션,2026-04-23
Si_1-Day_Color_Sph,Clalen O2O2 D_Pale Choco_45% + -04.50,누수규격,2026-04-26
Si_1-Day_Color_Sph,Clalen O2O2 D_Pale Choco_45% + -04.50,접착,2026-04-25
Si_1-Day_Color_Sph,Clalen O2O2 D_Pale Choco_45% + -04.50,하이드레이션,2026-04-23
Si_1-Day_Color_Sph,Clalen O2O2 D_Pale Choco_45% + -04.75,누수규격,2026-04-03
Si_1-Day_Color_Sph,Clalen O2O2 D_Pale Choco_45% + -04.75,분리,2026-03-30
Si_1-Day_Color_Sph,Clalen O2O2 D_Pale Choco_45% + -04.75,사출,2026-04-21
Si_1-Day_Color_Sph,Clalen O2O2 D_Pale Choco_45% + -04.75,접착,2026-04-02
Si_1-Day_Color_Sph,Clalen O2O2 D_Pale Choco_45% + -04.75,하이드레이션,2026-03-31
Si_1-Day_Color_Sph,Clalen O2O2 D_Pale Choco_45% + -05.00,누수규격,2026-04-03
Si_1-Day_Color_Sph,Clalen O2O2 D_Pale Choco_45% + -05.00,분리,2026-03-30
Si_1-Day_Color_Sph,Clalen O2O2 D_Pale Choco_45% + -05.00,사출,2026-03-29
Si_1-Day_Color_Sph,Clalen O2O2 D_Pale Choco_45% + -05.00,접착,2026-04-02
Si_1-Day_Color_Sph,Clalen O2O2 D_Pale Choco_45% + -05.00,하이드레이션,2026-03-31
Si_1-Day_Color_Sph,Clalen O2O2 D_Pale Choco_45% + -05.50,누수규격,2026-04-03
Si_1-Day_Color_Sph,Clalen O2O2 D_Pale Choco_45% + -05.50,분리,2026-03-30
Si_1-Day_Color_Sph,Clalen O2O2 D_Pale Choco_45% + -05.50,사출,2026-03-29
Si_1-Day_Color_Sph,Clalen O2O2 D_Pale Choco_45% + -05.50,접착,2026-04-02
Si_1-Day_Color_Sph,Clalen O2O2 D_Pale Choco_45% + -05.50,하이드레이션,2026-03-31
Si_1-Day_Color_Sph,Clalen O2O2 D_Pale Choco_45% + -06.00,누수규격,2026-04-03
Si_1-Day_Color_Sph,Clalen O2O2 D_Pale Choco_45% + -06.00,분리,2026-03-30
Si_1-Day_Color_Sph,Clalen O2O2 D_Pale Choco_45% + -06.00,사출,2026-03-29
Si_1-Day_Color_Sph,Clalen O2O2 D_Pale Choco_45% + -06.00,접착,2026-04-02
Si_1-Day_Color_Sph,Clalen O2O2 D_Pale Choco_45% + -06.00,하이드레이션,2026-03-31
Si_1-Day_Color_Sph,Clalen O2O2 D_Pale Choco_45% + -06.50,누수규격,2026-04-26
Si_1-Day_Color_Sph,Clalen O2O2 D_Pale Choco_45% + -06.50,분리,2026-03-30
Si_1-Day_Color_Sph,Clalen O2O2 D_Pale Choco_45% + -06.50,접착,2026-04-25
Si_1-Day_Color_Sph,Clalen O2O2 D_Pale Choco_45% + -06.50,하이드레이션,2026-04-23
Si_1-Day_Color_Sph,Clalen O2O2 D_Pale Choco_45% + -07.00,누수규격,2026-04-26
Si_1-Day_Color_Sph,Clalen O2O2 D_Pale Choco_45% + -07.00,분리,2026-03-30
Si_1-Day_Color_Sph,Clalen O2O2 D_Pale Choco_45% + -08.00,누수규격,2026-04-26
Si_1-Day_Color_Sph,Clalen O2O2 D_Pale Choco_45% + -08.00,분리,2026-03-30
Si_1-Day_Color_Sph,O2O2 D_Ash Brown EX + -00.00,누수규격,2026-04-26
Si_1-Day_Color_Sph,O2O2 D_Ash Brown EX + -00.00,분리,2026-04-22
Si_1-Day_Color_Sph,O2O2 D_Ash Brown EX + -00.00,사출,2026-04-21
Si_1-Day_Color_Sph,O2O2 D_Ash Brown EX + -00.00,접착,2026-04-25
Si_1-Day_Color_Sph,O2O2 D_Ash Brown EX + -00.00,하이드레이션,2026-04-23
Si_1-Day_Color_Sph,O2O2 D_Ash Brown EX + -01.50,누수규격,2026-04-26
Si_1-Day_Color_Sph,O2O2 D_Ash Brown EX + -01.50,분리,2026-04-22
Si_1-Day_Color_Sph,O2O2 D_Ash Brown EX + -01.50,사출,2026-04-21
Si_1-Day_Color_Sph,O2O2 D_Ash Brown EX + -01.50,접착,2026-04-25
Si_1-Day_Color_Sph,O2O2 D_Ash Brown EX + -01.50,하이드레이션,2026-04-23
Si_1-Day_Color_Sph,O2O2 D_Ash Brown EX + -03.25,누수규격,2026-04-19
Si_1-Day_Color_Sph,O2O2 D_Ash Brown EX + -03.25,분리,2026-04-15
Si_1-Day_Color_Sph,O2O2 D_Ash Brown EX + -03.25,사출,2026-04-14
Si_1-Day_Color_Sph,O2O2 D_Ash Brown EX + -03.25,접착,2026-04-18
Si_1-Day_Color_Sph,O2O2 D_Ash Brown EX + -03.25,하이드레이션,2026-04-16
Si_1-Day_Color_Sph,O2O2 D_Ash Brown EX + -03.75,누수규격,2026-04-26
Si_1-Day_Color_Sph,O2O2 D_Ash Brown EX + -03.75,분리,2026-04-22
Si_1-Day_Color_Sph,O2O2 D_Ash Brown EX + -03.75,사출,2026-04-21
Si_1-Day_Color_Sph,O2O2 D_Ash Brown EX + -03.75,접착,2026-04-25
Si_1-Day_Color_Sph,O2O2 D_Ash Brown EX + -03.75,하이드레이션,2026-04-23
Si_1-Day_Color_Sph,O2O2 D_Ash Brown EX + -04.75,누수규격,2026-04-19
Si_1-Day_Color_Sph,O2O2 D_Ash Brown EX + -04.75,분리,2026-04-15
Si_1-Day_Color_Sph,O2O2 D_Ash Brown EX + -04.75,사출,2026-04-14
Si_1-Day_Color_Sph,O2O2 D_Ash Brown EX + -04.75,접착,2026-04-18
Si_1-Day_Color_Sph,O2O2 D_Ash Brown EX + -04.75,하이드레이션,2026-04-16
Si_1-Day_Color_Sph,O2O2 D_Ash Brown EX + -05.00,누수규격,2026-04-26
Si_1-Day_Color_Sph,O2O2 D_Ash Brown EX + -05.00,분리,2026-04-22
Si_1-Day_Color_Sph,O2O2 D_Ash Brown EX + -05.00,사출,2026-04-21
Si_1-Day_Color_Sph,O2O2 D_Ash Brown EX + -05.00,접착,2026-04-25
Si_1-Day_Color_Sph,O2O2 D_Ash Brown EX + -05.00,하이드레이션,2026-04-23
Si_1-Day_Color_Sph,O2O2 D_Ash Gray EX + -00.50,누수규격,2026-04-26
Si_1-Day_Color_Sph,O2O2 D_Ash Gray EX + -00.50,분리,2026-04-22
Si_1-Day_Color_Sph,O2O2 D_Ash Gray EX + -00.50,사출,2026-04-21
Si_1-Day_Color_Sph,O2O2 D_Ash Gray EX + -00.50,접착,2026-04-25
Si_1-Day_Color_Sph,O2O2 D_Ash Gray EX + -00.50,하이드레이션,2026-04-23
Si_1-Day_Color_Sph,O2O2 D_Ash Gray EX + -01.00,누수규격,2026-04-26
Si_1-Day_Color_Sph,O2O2 D_Ash Gray EX + -01.00,분리,2026-04-22
Si_1-Day_Color_Sph,O2O2 D_Ash Gray EX + -01.00,사출,2026-04-21
Si_1-Day_Color_Sph,O2O2 D_Ash Gray EX + -01.00,접착,2026-04-25
Si_1-Day_Color_Sph,O2O2 D_Ash Gray EX + -01.00,하이드레이션,2026-04-23
Si_1-Day_Color_Sph,O2O2 D_Ash Gray EX + -01.25,누수규격,2026-04-26
Si_1-Day_Color_Sph,O2O2 D_Ash Gray EX + -01.25,분리,2026-04-22
Si_1-Day_Color_Sph,O2O2 D_Ash Gray EX + -01.25,사출,2026-04-21
Si_1-Day_Color_Sph,O2O2 D_Ash Gray EX + -01.25,접착,2026-04-25
Si_1-Day_Color_Sph,O2O2 D_Ash Gray EX + -01.25,하이드레이션,2026-04-23
Si_1-Day_Color_Sph,O2O2 D_Ash Gray EX + -01.75,누수규격,2026-04-26
Si_1-Day_Color_Sph,O2O2 D_Ash Gray EX + -01.75,분리,2026-04-22
Si_1-Day_Color_Sph,O2O2 D_Ash Gray EX + -01.75,사출,2026-04-21
Si_1-Day_Color_Sph,O2O2 D_Ash Gray EX + -01.75,접착,2026-04-25
Si_1-Day_Color_Sph,O2O2 D_Ash Gray EX + -01.75,하이드레이션,2026-04-23
Si_1-Day_Color_Sph,O2O2 D_Ash Gray EX + -03.50,누수규격,2026-04-26
Si_1-Day_Color_Sph,O2O2 D_Ash Gray EX + -03.50,분리,2026-04-22
Si_1-Day_Color_Sph,O2O2 D_Ash Gray EX + -03.50,사출,2026-04-21
Si_1-Day_Color_Sph,O2O2 D_Ash Gray EX + -03.50,접착,2026-04-25
Si_1-Day_Color_Sph,O2O2 D_Ash Gray EX + -03.50,하이드레이션,2026-04-23
Si_1-Day_Color_Sph,O2O2 D_Ash Gray EX + -03.75,누수규격,2026-04-17
Si_1-Day_Color_Sph,O2O2 D_Ash Gray EX + -03.75,분리,2026-04-13
Si_1-Day_Color_Sph,O2O2 D_Ash Gray EX + -03.75,사출,2026-04-12
Si_1-Day_Color_Sph,O2O2 D_Ash Gray EX + -03.75,접착,2026-04-16
Si_1-Day_Color_Sph,O2O2 D_Ash Gray EX + -03.75,하이드레이션,2026-04-14
Si_1-Day_Color_Sph,O2O2 D_Ash Gray EX + -04.50,누수규격,2026-04-26
Si_1-Day_Color_Sph,O2O2 D_Ash Gray EX + -04.50,분리,2026-04-22
Si_1-Day_Color_Sph,O2O2 D_Ash Gray EX + -04.50,사출,2026-04-21
Si_1-Day_Color_Sph,O2O2 D_Ash Gray EX + -04.50,접착,2026-04-25
Si_1-Day_Color_Sph,O2O2 D_Ash Gray EX + -04.50,하이드레이션,2026-04-23
Si_1-Day_Color_Sph,O2O2 D_Ash Gray EX + -05.00,누수규격,2026-04-17
Si_1-Day_Color_Sph,O2O2 D_Ash Gray EX + -05.00,분리,2026-04-13
Si_1-Day_Color_Sph,O2O2 D_Ash Gray EX + -05.00,사출,2026-04-12
Si_1-Day_Color_Sph,O2O2 D_Ash Gray EX + -05.00,접착,2026-04-16
Si_1-Day_Color_Sph,O2O2 D_Ash Gray EX + -05.00,하이드레이션,2026-04-14
Si_1-Day_Color_Sph,O2O2 D_Ash Gray EX + -06.00,누수규격,2026-04-17
Si_1-Day_Color_Sph,O2O2 D_Ash Gray EX + -06.00,분리,2026-04-13
Si_1-Day_Color_Sph,O2O2 D_Ash Gray EX + -06.00,사출,2026-04-12
Si_1-Day_Color_Sph,O2O2 D_Ash Gray EX + -06.00,접착,2026-04-16
Si_1-Day_Color_Sph,O2O2 D_Ash Gray EX + -06.00,하이드레이션,2026-04-14
Si_1-Day_Color_Sph,O2O2 D_Ash Gray EX + -06.50,누수규격,2026-04-26
Si_1-Day_Color_Sph,O2O2 D_Ash Gray EX + -06.50,분리,2026-04-22
Si_1-Day_Color_Sph,O2O2 D_Ash Gray EX + -06.50,사출,2026-04-21
Si_1-Day_Color_Sph,O2O2 D_Ash Gray EX + -06.50,접착,2026-04-25
Si_1-Day_Color_Sph,O2O2 D_Ash Gray EX + -06.50,하이드레이션,2026-04-23
Si_1-Day_Color_Sph,O2O2 D_Ash Gray EX + -07.00,누수규격,2026-04-26
Si_1-Day_Color_Sph,O2O2 D_Ash Gray EX + -07.00,분리,2026-04-22
Si_1-Day_Color_Sph,O2O2 D_Ash Gray EX + -07.00,사출,2026-04-21
Si_1-Day_Color_Sph,O2O2 D_Ash Gray EX + -07.00,접착,2026-04-25
Si_1-Day_Color_Sph,O2O2 D_Ash Gray EX + -07.00,하이드레이션,2026-04-23
Si_1-Day_Color_Sph,O2O2 D_Ash Gray EX + -08.50,누수규격,2026-04-17
Si_1-Day_Color_Sph,O2O2 D_Ash Gray EX + -08.50,분리,2026-04-13
Si_1-Day_Color_Sph,O2O2 D_Ash Gray EX + -08.50,사출,2026-04-12
Si_1-Day_Color_Sph,O2O2 D_Ash Gray EX + -08.50,접착,2026-04-16
Si_1-Day_Color_Sph,O2O2 D_Ash Gray EX + -08.50,하이드레이션,2026-04-14
Si_1-Day_Color_Sph,O2O2 D_Ash Gray EX + -10.00,누수규격,2026-04-17
Si_1-Day_Color_Sph,O2O2 D_Ash Gray EX + -10.00,분리,2026-04-13
Si_1-Day_Color_Sph,O2O2 D_Ash Gray EX + -10.00,사출,2026-04-12
Si_1-Day_Color_Sph,O2O2 D_Ash Gray EX + -10.00,접착,2026-04-16
Si_1-Day_Color_Sph,O2O2 D_Ash Gray EX + -10.00,하이드레이션,2026-04-14
Si_1-Day_Color_Sph,O2O2 D_Sepia Choco EX + -00.50,누수규격,2026-04-17
Si_1-Day_Color_Sph,O2O2 D_Sepia Choco EX + -00.50,분리,2026-04-13
Si_1-Day_Color_Sph,O2O2 D_Sepia Choco EX + -00.50,사출,2026-04-12
Si_1-Day_Color_Sph,O2O2 D_Sepia Choco EX + -00.50,접착,2026-04-16
Si_1-Day_Color_Sph,O2O2 D_Sepia Choco EX + -00.50,하이드레이션,2026-04-14
Si_1-Day_Color_Sph,O2O2 D_Sepia Choco EX + -01.00,누수규격,2026-04-26
Si_1-Day_Color_Sph,O2O2 D_Sepia Choco EX + -01.00,분리,2026-04-22
Si_1-Day_Color_Sph,O2O2 D_Sepia Choco EX + -01.00,사출,2026-04-21
Si_1-Day_Color_Sph,O2O2 D_Sepia Choco EX + -01.00,접착,2026-04-25
Si_1-Day_Color_Sph,O2O2 D_Sepia Choco EX + -01.00,하이드레이션,2026-04-23
Si_1-Day_Color_Sph,O2O2 D_Sepia Choco EX + -01.50,누수규격,2026-04-17
Si_1-Day_Color_Sph,O2O2 D_Sepia Choco EX + -01.50,분리,2026-04-13
Si_1-Day_Color_Sph,O2O2 D_Sepia Choco EX + -01.50,사출,2026-04-12
Si_1-Day_Color_Sph,O2O2 D_Sepia Choco EX + -01.50,접착,2026-04-16
Si_1-Day_Color_Sph,O2O2 D_Sepia Choco EX + -01.50,하이드레이션,2026-04-14
Si_1-Day_Color_Sph,O2O2 D_Sepia Choco EX + -01.75,누수규격,2026-04-17
Si_1-Day_Color_Sph,O2O2 D_Sepia Choco EX + -01.75,분리,2026-04-13
Si_1-Day_Color_Sph,O2O2 D_Sepia Choco EX + -01.75,사출,2026-04-12
Si_1-Day_Color_Sph,O2O2 D_Sepia Choco EX + -01.75,접착,2026-04-16
Si_1-Day_Color_Sph,O2O2 D_Sepia Choco EX + -01.75,하이드레이션,2026-04-14
Si_1-Day_Color_Sph,O2O2 D_Sepia Choco EX + -02.00,누수규격,2026-04-17
Si_1-Day_Color_Sph,O2O2 D_Sepia Choco EX + -02.00,분리,2026-04-13
Si_1-Day_Color_Sph,O2O2 D_Sepia Choco EX + -02.00,사출,2026-04-12
Si_1-Day_Color_Sph,O2O2 D_Sepia Choco EX + -02.00,접착,2026-04-16
Si_1-Day_Color_Sph,O2O2 D_Sepia Choco EX + -02.00,하이드레이션,2026-04-14
Si_1-Day_Color_Sph,O2O2 D_Sepia Choco EX + -02.25,누수규격,2026-04-17
Si_1-Day_Color_Sph,O2O2 D_Sepia Choco EX + -02.25,분리,2026-04-13
Si_1-Day_Color_Sph,O2O2 D_Sepia Choco EX + -02.25,사출,2026-04-12
Si_1-Day_Color_Sph,O2O2 D_Sepia Choco EX + -02.25,접착,2026-04-16
Si_1-Day_Color_Sph,O2O2 D_Sepia Choco EX + -02.25,하이드레이션,2026-04-14
Si_1-Day_Color_Sph,O2O2 D_Sepia Choco EX + -02.50,누수규격,2026-04-17
Si_1-Day_Color_Sph,O2O2 D_Sepia Choco EX + -02.50,분리,2026-04-13
Si_1-Day_Color_Sph,O2O2 D_Sepia Choco EX + -02.50,사출,2026-04-12
Si_1-Day_Color_Sph,O2O2 D_Sepia Choco EX + -02.50,접착,2026-04-16
Si_1-Day_Color_Sph,O2O2 D_Sepia Choco EX + -02.50,하이드레이션,2026-04-14
Si_1-Day_Color_Sph,O2O2 D_Sepia Choco EX + -02.75,누수규격,2026-04-26
Si_1-Day_Color_Sph,O2O2 D_Sepia Choco EX + -02.75,접착,2026-04-25
Si_1-Day_Color_Sph,O2O2 D_Sepia Choco EX + -03.00,누수규격,2026-04-17
Si_1-Day_Color_Sph,O2O2 D_Sepia Choco EX + -03.00,분리,2026-04-22
Si_1-Day_Color_Sph,O2O2 D_Sepia Choco EX + -03.00,접착,2026-04-16
Si_1-Day_Color_Sph,O2O2 D_Sepia Choco EX + -03.00,하이드레이션,2026-04-23
Si_1-Day_Color_Sph,O2O2 D_Sepia Choco EX + -03.25,누수규격,2026-04-26
Si_1-Day_Color_Sph,O2O2 D_Sepia Choco EX + -03.25,접착,2026-04-25
Si_1-Day_Color_Sph,O2O2 D_Sepia Choco EX + -03.25,하이드레이션,2026-04-23
Si_1-Day_Color_Sph,O2O2 D_Sepia Choco EX + -03.50,누수규격,2026-04-17
Si_1-Day_Color_Sph,O2O2 D_Sepia Choco EX + -03.50,분리,2026-04-13
Si_1-Day_Color_Sph,O2O2 D_Sepia Choco EX + -03.50,사출,2026-04-12
Si_1-Day_Color_Sph,O2O2 D_Sepia Choco EX + -03.50,접착,2026-04-16
Si_1-Day_Color_Sph,O2O2 D_Sepia Choco EX + -03.50,하이드레이션,2026-04-14
Si_1-Day_Color_Sph,O2O2 D_Sepia Choco EX + -03.75,누수규격,2026-04-17
Si_1-Day_Color_Sph,O2O2 D_Sepia Choco EX + -03.75,분리,2026-04-22
Si_1-Day_Color_Sph,O2O2 D_Sepia Choco EX + -03.75,사출,2026-04-21
Si_1-Day_Color_Sph,O2O2 D_Sepia Choco EX + -03.75,접착,2026-04-16
Si_1-Day_Color_Sph,O2O2 D_Sepia Choco EX + -03.75,하이드레이션,2026-04-14
Si_1-Day_Color_Sph,O2O2 D_Sepia Choco EX + -04.00,누수규격,2026-04-17
Si_1-Day_Color_Sph,O2O2 D_Sepia Choco EX + -04.00,분리,2026-04-13
Si_1-Day_Color_Sph,O2O2 D_Sepia Choco EX + -04.00,사출,2026-04-12
Si_1-Day_Color_Sph,O2O2 D_Sepia Choco EX + -04.00,접착,2026-04-16
Si_1-Day_Color_Sph,O2O2 D_Sepia Choco EX + -04.00,하이드레이션,2026-04-14
Si_1-Day_Color_Sph,O2O2 D_Sepia Choco EX + -04.25,누수규격,2026-04-17
Si_1-Day_Color_Sph,O2O2 D_Sepia Choco EX + -04.25,분리,2026-04-13
Si_1-Day_Color_Sph,O2O2 D_Sepia Choco EX + -04.25,사출,2026-04-12
Si_1-Day_Color_Sph,O2O2 D_Sepia Choco EX + -04.25,접착,2026-04-16
Si_1-Day_Color_Sph,O2O2 D_Sepia Choco EX + -04.25,하이드레이션,2026-04-14
Si_1-Day_Color_Sph,O2O2 D_Sepia Choco EX + -04.75,누수규격,2026-04-26
Si_1-Day_Color_Sph,O2O2 D_Sepia Choco EX + -04.75,분리,2026-04-22
Si_1-Day_Color_Sph,O2O2 D_Sepia Choco EX + -04.75,사출,2026-04-21
Si_1-Day_Color_Sph,O2O2 D_Sepia Choco EX + -04.75,접착,2026-04-25
Si_1-Day_Color_Sph,O2O2 D_Sepia Choco EX + -04.75,하이드레이션,2026-04-23
Si_1-Day_Color_Sph,O2O2 D_Sepia Choco EX + -05.50,누수규격,2026-04-26
Si_1-Day_Color_Sph,O2O2 D_Sepia Choco EX + -05.50,분리,2026-04-22
Si_1-Day_Color_Sph,O2O2 D_Sepia Choco EX + -05.50,사출,2026-04-21
Si_1-Day_Color_Sph,O2O2 D_Sepia Choco EX + -05.50,접착,2026-04-25
Si_1-Day_Color_Sph,O2O2 D_Sepia Choco EX + -05.50,하이드레이션,2026-04-23
Si_1-Day_Color_Sph,O2O2 D_Sepia Choco EX + -06.00,누수규격,2026-04-26
Si_1-Day_Color_Sph,O2O2 D_Sepia Choco EX + -06.00,분리,2026-04-22
Si_1-Day_Color_Sph,O2O2 D_Sepia Choco EX + -06.00,사출,2026-04-21
Si_1-Day_Color_Sph,O2O2 D_Sepia Choco EX + -06.00,접착,2026-04-25
Si_1-Day_Color_Sph,O2O2 D_Sepia Choco EX + -06.00,하이드레이션,2026-04-23
Si_1-Day_Color_Sph,O2O2 D_Sepia Choco EX + -08.00,누수규격,2026-04-26
Si_1-Day_Color_Sph,O2O2 D_Sepia Choco EX + -08.00,분리,2026-04-22
Si_1-Day_Color_Sph,O2O2 D_Sepia Choco EX + -08.00,사출,2026-04-21
Si_1-Day_Color_Sph,O2O2 D_Sepia Choco EX + -08.00,접착,2026-04-25
Si_1-Day_Color_Sph,O2O2 D_Sepia Choco EX + -08.00,하이드레이션,2026-04-23
Si_1-Day_Color_Sph,O2O2 D_Sepia Choco EX + -10.00,누수규격,2026-04-17
Si_1-Day_Color_Sph,O2O2 D_Sepia Choco EX + -10.00,분리,2026-04-13
Si_1-Day_Color_Sph,O2O2 D_Sepia Choco EX + -10.00,사출,2026-04-12
Si_1-Day_Color_Sph,O2O2 D_Sepia Choco EX + -10.00,접착,2026-04-16
Si_1-Day_Color_Sph,O2O2 D_Sepia Choco EX + -10.00,하이드레이션,2026-04-14
Si_1-Day_Color_Toric,O2O2 D Toric_Ash Brown EX + -08.00,누수규격,2026-04-23
Si_1-Day_Color_Toric,O2O2 D Toric_Ash Brown EX + -08.00,분리,2026-04-19
Si_1-Day_Color_Toric,O2O2 D Toric_Ash Brown EX + -08.00,사출,2026-04-18
Si_1-Day_Color_Toric,O2O2 D Toric_Ash Brown EX + -08.00,접착,2026-04-22
Si_1-Day_Color_Toric,O2O2 D Toric_Ash Brown EX + -08.00,하이드레이션,2026-04-20
Si_1-Day_Color_Toric,O2O2 D Toric_Sepia Choco EX + -07.50,누수규격,2026-04-23
Si_1-Day_Color_Toric,O2O2 D Toric_Sepia Choco EX + -07.50,분리,2026-04-19
Si_1-Day_Color_Toric,O2O2 D Toric_Sepia Choco EX + -07.50,사출,2026-04-18
Si_1-Day_Color_Toric,O2O2 D Toric_Sepia Choco EX + -07.50,접착,2026-04-22
Si_1-Day_Color_Toric,O2O2 D Toric_Sepia Choco EX + -07.50,하이드레이션,2026-04-20
Si_1-Day_M/F,O2O2 D_Multifocal_FGC + +02.50,누수규격,2026-04-02
Si_1-Day_M/F,O2O2 D_Multifocal_FGC + +02.50,접착,2026-04-01
Si_1-Day_M/F,O2O2 D_Multifocal_FGC + +02.50,하이드레이션,2026-03-30
Si_1-Day_M/F,O2O2 D_Multifocal_FGC + +03.00,누수규격,2026-04-16
Si_1-Day_M/F,O2O2 D_Multifocal_FGC + +03.00,접착,2026-04-15
Si_1-Day_M/F,O2O2 D_Multifocal_FGC + +03.00,하이드레이션,2026-04-13
Si_1-Day_M/F,O2O2 D_Multifocal_FGC + +03.25,누수규격,2026-05-07
Si_1-Day_M/F,O2O2 D_Multifocal_FGC + +03.25,접착,2026-05-06
Si_1-Day_M/F,O2O2 D_Multifocal_FGC + +03.25,하이드레이션,2026-05-04
Si_1-Day_M/F,O2O2 D_Multifocal_FGC + +03.50,누수규격,2026-04-16
Si_1-Day_M/F,O2O2 D_Multifocal_FGC + +03.50,접착,2026-04-15
Si_1-Day_M/F,O2O2 D_Multifocal_FGC + +03.50,하이드레이션,2026-04-13
Si_1-Day_M/F,O2O2 D_Multifocal_FGC + -02.50,누수규격,2026-04-02
Si_1-Day_M/F,O2O2 D_Multifocal_FGC + -02.50,접착,2026-04-01
Si_1-Day_M/F,O2O2 D_Multifocal_FGC + -02.50,하이드레이션,2026-03-30
Si_1-Day_M/F,O2O2 D_Multifocal_FGC + -02.75,누수규격,2026-04-02
Si_1-Day_M/F,O2O2 D_Multifocal_FGC + -02.75,접착,2026-04-01
Si_1-Day_M/F,O2O2 D_Multifocal_FGC + -02.75,하이드레이션,2026-03-30
Si_1-Day_M/F,O2O2 D_Multifocal_FGC + -03.00,누수규격,2026-04-02
Si_1-Day_M/F,O2O2 D_Multifocal_FGC + -03.00,접착,2026-04-01
Si_1-Day_M/F,O2O2 D_Multifocal_FGC + -03.00,하이드레이션,2026-03-30
Si_1-Day_M/F,O2O2 D_Multifocal_FGC + -03.25,누수규격,2026-05-07
Si_1-Day_M/F,O2O2 D_Multifocal_FGC + -03.25,접착,2026-05-06
Si_1-Day_M/F,O2O2 D_Multifocal_FGC + -03.25,하이드레이션,2026-05-04
Si_1-Day_M/F,O2O2 D_Multifocal_FGC + -03.50,누수규격,2026-04-02
Si_1-Day_M/F,O2O2 D_Multifocal_FGC + -03.50,접착,2026-04-01
Si_1-Day_M/F,O2O2 D_Multifocal_FGC + -03.50,하이드레이션,2026-03-30
Si_1-Day_M/F,O2O2 D_Multifocal_FGC + -04.00,누수규격,2026-04-02
Si_1-Day_M/F,O2O2 D_Multifocal_FGC + -04.00,접착,2026-04-01
Si_1-Day_M/F,O2O2 D_Multifocal_FGC + -04.00,하이드레이션,2026-03-30
Si_1-Day_M/F,O2O2 D_Multifocal_FGC + -04.50,누수규격,2026-05-07
Si_1-Day_M/F,O2O2 D_Multifocal_FGC + -04.50,접착,2026-05-06
Si_1-Day_M/F,O2O2 D_Multifocal_FGC + -04.50,하이드레이션,2026-05-04
Si_1-Day_M/F,O2O2 D_Multifocal_FGC + -05.00,누수규격,2026-04-02
Si_1-Day_M/F,O2O2 D_Multifocal_FGC + -05.00,접착,2026-04-01
Si_1-Day_M/F,O2O2 D_Multifocal_FGC + -05.00,하이드레이션,2026-03-30
Si_1-Day_M/F,O2O2 D_Multifocal_FGC + -06.00,누수규격,2026-05-07
Si_1-Day_M/F,O2O2 D_Multifocal_FGC + -06.00,접착,2026-05-06
Si_1-Day_M/F,O2O2 D_Multifocal_FGC + -06.00,하이드레이션,2026-05-04
Si_1-Day_M/F,O2O2 D_Multifocal_FGC + -06.50,누수규격,2026-04-02
Si_1-Day_M/F,O2O2 D_Multifocal_FGC + -06.50,접착,2026-04-01
Si_1-Day_M/F,O2O2 D_Multifocal_FGC + -06.50,하이드레이션,2026-03-30
Si_1-Day_M/F,O2O2 D_Multifocal_FGC + -08.00,누수규격,2026-05-07
Si_1-Day_M/F,O2O2 D_Multifocal_FGC + -08.00,접착,2026-05-06
Si_1-Day_M/F,O2O2 D_Multifocal_FGC + -08.00,하이드레이션,2026-05-04
Si_1-Day_M/F,O2O2_Multifocal_K2_SMDH_OPHTALMIC + -02.75,분리,2026-03-29
Si_1-Day_M/F,O2O2_Multifocal_K2_SMDH_OPHTALMIC + -02.75,사출,2026-03-28
Si_1-Day_M/F,O2O2_Multifocal_K2_SMDH_OPHTALMIC + -05.00,분리,2026-03-29
Si_1-Day_M/F,O2O2_Multifocal_K2_SMDH_OPHTALMIC + -05.00,사출,2026-03-28
Si_1-Day_M/F,O2O2_Multifocal_K2_SMDH_OPHTALMIC + -06.00,분리,2026-05-03
Si_1-Day_M/F,O2O2_Multifocal_K2_SMDH_OPHTALMIC + -06.00,사출,2026-05-02
Si_1-Day_M/F,O2O2_Multifocal_K2_SMDH_OPHTALMIC + -06.50,분리,2026-03-29
Si_1-Day_M/F,O2O2_Multifocal_K2_SMDH_OPHTALMIC + -06.50,사출,2026-03-28
Si_1-Day_Sph,O2O2 D_Spherical(DK70)_K2-SMD + -08.00,누수규격,2026-04-26
Si_1-Day_Sph,O2O2 D_Spherical(DK70)_K2-SMD + -08.00,접착,2026-04-25
Si_1-Day_Sph,O2O2 D_Spherical(DK70)_K2-SMD + -08.00,하이드레이션,2026-04-23
Si_1-Day_Sph,O2O2 D_Spherical(DK70)_K2-SMD_Winc Company + -01.25,누수규격,2026-05-22
Si_1-Day_Sph,O2O2 D_Spherical(DK70)_K2-SMD_Winc Company + -01.25,접착,2026-05-21
Si_1-Day_Sph,O2O2 D_Spherical(DK70)_K2-SMD_Winc Company + -01.25,하이드레이션,2026-05-19
Si_1-Day_Sph,O2O2 D_Spherical(DK70)_K2-SMD_Winc Company + -01.75,누수규격,2026-05-22
Si_1-Day_Sph,O2O2 D_Spherical(DK70)_K2-SMD_Winc Company + -01.75,접착,2026-05-21
Si_1-Day_Sph,O2O2 D_Spherical(DK70)_K2-SMD_Winc Company + -01.75,하이드레이션,2026-05-19
Si_1-Day_Sph,O2O2 D_Spherical(DK70)_K2-SMD_Winc Company + -02.00,누수규격,2026-05-08
Si_1-Day_Sph,O2O2 D_Spherical(DK70)_K2-SMD_Winc Company + -02.00,접착,2026-05-07
Si_1-Day_Sph,O2O2 D_Spherical(DK70)_K2-SMD_Winc Company + -02.00,하이드레이션,2026-05-05
Si_1-Day_Sph,O2O2 D_Spherical(DK70)_K2-SMD_Winc Company + -03.25,누수규격,2026-05-22
Si_1-Day_Sph,O2O2 D_Spherical(DK70)_K2-SMD_Winc Company + -03.25,접착,2026-05-21
Si_1-Day_Sph,O2O2 D_Spherical(DK70)_K2-SMD_Winc Company + -03.25,하이드레이션,2026-05-19
Si_1-Day_Sph,O2O2 D_Spherical(DK70)_K2-SMD_Winc Company + -04.25,누수규격,2026-05-22
Si_1-Day_Sph,O2O2 D_Spherical(DK70)_K2-SMD_Winc Company + -04.25,접착,2026-05-21
Si_1-Day_Sph,O2O2 D_Spherical(DK70)_K2-SMD_Winc Company + -04.25,하이드레이션,2026-05-19
Si_1-Day_Sph,O2O2 D_Spherical(DK70)_K2-SMD_Winc Company + -05.50,누수규격,2026-05-08
Si_1-Day_Sph,O2O2 D_Spherical(DK70)_K2-SMD_Winc Company + -05.50,접착,2026-05-07
Si_1-Day_Sph,O2O2 D_Spherical(DK70)_K2-SMD_Winc Company + -05.50,하이드레이션,2026-05-05
Si_1-Day_Sph,O2O2 D_Spherical(DK70)_K2-SMD_Winc Company + -07.00,누수규격,2026-05-22
Si_1-Day_Sph,O2O2 D_Spherical(DK70)_K2-SMD_Winc Company + -07.00,접착,2026-05-21
Si_1-Day_Sph,O2O2 D_Spherical(DK70)_K2-SMD_Winc Company + -07.00,하이드레이션,2026-05-19
Si_1-Day_Sph,O2O2 D_UV_Spherical_FGC + +03.75,누수규격,2026-05-07
Si_1-Day_Sph,O2O2 D_UV_Spherical_FGC + +03.75,접착,2026-05-06
Si_1-Day_Sph,O2O2 D_UV_Spherical_FGC + +03.75,하이드레이션,2026-05-04
Si_1-Day_Sph,O2O2 D_UV_Spherical_FGC + +04.00,누수규격,2026-05-07
Si_1-Day_Sph,O2O2 D_UV_Spherical_FGC + +04.00,접착,2026-05-06
Si_1-Day_Sph,O2O2 D_UV_Spherical_FGC + +04.00,하이드레이션,2026-05-04
Si_1-Day_Sph,O2O2 D_UV_Spherical_FGC + +05.50,누수규격,2026-05-07
Si_1-Day_Sph,O2O2 D_UV_Spherical_FGC + +05.50,접착,2026-05-06
Si_1-Day_Sph,O2O2 D_UV_Spherical_FGC + +05.50,하이드레이션,2026-05-04
Si_1-Day_Sph,O2O2 D_UV_Spherical_FGC + +06.50,누수규격,2026-05-07
Si_1-Day_Sph,O2O2 D_UV_Spherical_FGC + +06.50,접착,2026-05-06
Si_1-Day_Sph,O2O2 D_UV_Spherical_FGC + +06.50,하이드레이션,2026-05-04
Si_1-Day_Sph,O2O2 D_UV_Spherical_FGC + +07.00,누수규격,2026-05-07
Si_1-Day_Sph,O2O2 D_UV_Spherical_FGC + +07.00,접착,2026-05-06
Si_1-Day_Sph,O2O2 D_UV_Spherical_FGC + +07.00,하이드레이션,2026-05-04
Si_1-Day_Sph,O2O2 D_UV_Spherical_FGC + +07.50,누수규격,2026-05-07
Si_1-Day_Sph,O2O2 D_UV_Spherical_FGC + +07.50,접착,2026-05-06
Si_1-Day_Sph,O2O2 D_UV_Spherical_FGC + +07.50,하이드레이션,2026-05-04
Si_1-Day_Sph,O2O2 D_UV_Spherical_FGC + -02.00,누수규격,2026-05-07
Si_1-Day_Sph,O2O2 D_UV_Spherical_FGC + -02.00,접착,2026-05-06
Si_1-Day_Sph,O2O2 D_UV_Spherical_FGC + -02.00,하이드레이션,2026-05-04
Si_1-Day_Sph,O2O2 D_UV_Spherical_FGC + -05.50,누수규격,2026-05-07
Si_1-Day_Sph,O2O2 D_UV_Spherical_FGC + -05.50,접착,2026-05-06
Si_1-Day_Sph,O2O2 D_UV_Spherical_FGC + -05.50,하이드레이션,2026-05-04
Si_1-Day_Sph,O2O2 D_UV_Spherical_FGC + -06.00,누수규격,2026-05-07
Si_1-Day_Sph,O2O2 D_UV_Spherical_FGC + -06.00,접착,2026-05-06
Si_1-Day_Sph,O2O2 D_UV_Spherical_FGC + -06.00,하이드레이션,2026-05-04
Si_1-Day_Sph,O2O2 D_UV_Spherical_FGC + -09.00,누수규격,2026-05-07
Si_1-Day_Sph,O2O2 D_UV_Spherical_FGC + -09.00,접착,2026-05-06
Si_1-Day_Sph,O2O2 D_UV_Spherical_FGC + -09.00,하이드레이션,2026-05-04
Si_1-Day_Sph,O2O2 Spherical_K2-SMDH_OPHTALMIC + +03.75,분리,2026-05-03
Si_1-Day_Sph,O2O2 Spherical_K2-SMDH_OPHTALMIC + +03.75,사출,2026-05-02
Si_1-Day_Sph,O2O2 Spherical_K2-SMDH_OPHTALMIC + +04.00,분리,2026-05-03
Si_1-Day_Sph,O2O2 Spherical_K2-SMDH_OPHTALMIC + +04.00,사출,2026-05-02
Si_1-Day_Sph,O2O2 Spherical_K2-SMDH_OPHTALMIC + +05.50,분리,2026-05-03
Si_1-Day_Sph,O2O2 Spherical_K2-SMDH_OPHTALMIC + +05.50,사출,2026-05-02
Si_1-Day_Sph,O2O2 Spherical_K2-SMDH_OPHTALMIC + +06.50,분리,2026-05-03
Si_1-Day_Sph,O2O2 Spherical_K2-SMDH_OPHTALMIC + +06.50,사출,2026-05-02
Si_1-Day_Sph,O2O2 Spherical_K2-SMDH_OPHTALMIC + +07.00,분리,2026-05-03
Si_1-Day_Sph,O2O2 Spherical_K2-SMDH_OPHTALMIC + +07.00,사출,2026-05-02
Si_1-Day_Sph,O2O2 Spherical_K2-SMDH_OPHTALMIC + +07.50,분리,2026-05-03
Si_1-Day_Sph,O2O2 Spherical_K2-SMDH_OPHTALMIC + +07.50,사출,2026-05-02
Si_1-Day_Sph,O2O2 Spherical_K2-SMDH_OPHTALMIC + -01.00,분리,2026-05-11
Si_1-Day_Sph,O2O2 Spherical_K2-SMDH_OPHTALMIC + -01.00,사출,2026-05-10
Si_1-Day_Sph,O2O2 Spherical_K2-SMDH_OPHTALMIC + -01.25,분리,2026-05-11
Si_1-Day_Sph,O2O2 Spherical_K2-SMDH_OPHTALMIC + -01.25,사출,2026-05-10
Si_1-Day_Sph,O2O2 Spherical_K2-SMDH_OPHTALMIC + -01.50,분리,2026-05-11
Si_1-Day_Sph,O2O2 Spherical_K2-SMDH_OPHTALMIC + -01.50,사출,2026-05-10
Si_1-Day_Sph,O2O2 Spherical_K2-SMDH_OPHTALMIC + -01.75,분리,2026-05-11
Si_1-Day_Sph,O2O2 Spherical_K2-SMDH_OPHTALMIC + -01.75,사출,2026-05-10
Si_1-Day_Sph,O2O2 Spherical_K2-SMDH_OPHTALMIC + -02.00,분리,2026-05-03
Si_1-Day_Sph,O2O2 Spherical_K2-SMDH_OPHTALMIC + -02.00,사출,2026-05-02
Si_1-Day_Sph,O2O2 Spherical_K2-SMDH_OPHTALMIC + -02.25,분리,2026-05-11
Si_1-Day_Sph,O2O2 Spherical_K2-SMDH_OPHTALMIC + -02.25,사출,2026-05-10
Si_1-Day_Sph,O2O2 Spherical_K2-SMDH_OPHTALMIC + -02.50,분리,2026-05-11
Si_1-Day_Sph,O2O2 Spherical_K2-SMDH_OPHTALMIC + -02.50,사출,2026-05-10
Si_1-Day_Sph,O2O2 Spherical_K2-SMDH_OPHTALMIC + -02.75,분리,2026-05-11
Si_1-Day_Sph,O2O2 Spherical_K2-SMDH_OPHTALMIC + -02.75,사출,2026-05-10
Si_1-Day_Sph,O2O2 Spherical_K2-SMDH_OPHTALMIC + -03.00,분리,2026-05-11
Si_1-Day_Sph,O2O2 Spherical_K2-SMDH_OPHTALMIC + -03.00,사출,2026-05-10
Si_1-Day_Sph,O2O2 Spherical_K2-SMDH_OPHTALMIC + -03.25,분리,2026-05-11
Si_1-Day_Sph,O2O2 Spherical_K2-SMDH_OPHTALMIC + -03.25,사출,2026-05-10
Si_1-Day_Sph,O2O2 Spherical_K2-SMDH_OPHTALMIC + -03.50,분리,2026-05-11
Si_1-Day_Sph,O2O2 Spherical_K2-SMDH_OPHTALMIC + -03.50,사출,2026-05-10
Si_1-Day_Sph,O2O2 Spherical_K2-SMDH_OPHTALMIC + -03.75,분리,2026-05-11
Si_1-Day_Sph,O2O2 Spherical_K2-SMDH_OPHTALMIC + -03.75,사출,2026-05-10
Si_1-Day_Sph,O2O2 Spherical_K2-SMDH_OPHTALMIC + -04.25,분리,2026-05-11
Si_1-Day_Sph,O2O2 Spherical_K2-SMDH_OPHTALMIC + -04.25,사출,2026-05-10
Si_1-Day_Sph,O2O2 Spherical_K2-SMDH_OPHTALMIC + -04.50,분리,2026-05-11
Si_1-Day_Sph,O2O2 Spherical_K2-SMDH_OPHTALMIC + -04.50,사출,2026-05-10
Si_1-Day_Sph,O2O2 Spherical_K2-SMDH_OPHTALMIC + -04.75,분리,2026-05-11
Si_1-Day_Sph,O2O2 Spherical_K2-SMDH_OPHTALMIC + -04.75,사출,2026-05-10
Si_1-Day_Sph,O2O2 Spherical_K2-SMDH_OPHTALMIC + -05.00,분리,2026-05-11
Si_1-Day_Sph,O2O2 Spherical_K2-SMDH_OPHTALMIC + -05.00,사출,2026-05-10
Si_1-Day_Sph,O2O2 Spherical_K2-SMDH_OPHTALMIC + -05.50,분리,2026-05-03
Si_1-Day_Sph,O2O2 Spherical_K2-SMDH_OPHTALMIC + -05.50,사출,2026-05-02
Si_1-Day_Sph,O2O2 Spherical_K2-SMDH_OPHTALMIC + -06.00,분리,2026-05-11
Si_1-Day_Sph,O2O2 Spherical_K2-SMDH_OPHTALMIC + -06.00,사출,2026-05-10
Si_1-Day_Sph,O2O2 Spherical_K2-SMDH_OPHTALMIC + -06.50,분리,2026-05-11
Si_1-Day_Sph,O2O2 Spherical_K2-SMDH_OPHTALMIC + -06.50,사출,2026-05-10
Si_1-Day_Sph,O2O2 Spherical_K2-SMDH_OPHTALMIC + -07.00,분리,2026-05-11
Si_1-Day_Sph,O2O2 Spherical_K2-SMDH_OPHTALMIC + -07.00,사출,2026-05-10
Si_1-Day_Sph,O2O2 Spherical_K2-SMDH_OPHTALMIC + -07.50,분리,2026-05-11
Si_1-Day_Sph,O2O2 Spherical_K2-SMDH_OPHTALMIC + -07.50,사출,2026-05-10
Si_1-Day_Sph,O2O2 Spherical_K2-SMDH_OPHTALMIC + -08.00,분리,2026-04-22
Si_1-Day_Sph,O2O2 Spherical_K2-SMDH_OPHTALMIC + -08.00,사출,2026-04-21
Si_1-Day_Sph,O2O2 Spherical_K2-SMDH_OPHTALMIC + -08.50,분리,2026-05-11
Si_1-Day_Sph,O2O2 Spherical_K2-SMDH_OPHTALMIC + -08.50,사출,2026-05-10
Si_1-Day_Sph,O2O2 Spherical_K2-SMDH_OPHTALMIC + -09.00,분리,2026-05-03
Si_1-Day_Sph,O2O2 Spherical_K2-SMDH_OPHTALMIC + -09.00,사출,2026-05-02
Si_1-Day_Sph,O2O2 Spherical_K2-SMDH_OPHTALMIC + -09.50,분리,2026-05-11
Si_1-Day_Sph,O2O2 Spherical_K2-SMDH_OPHTALMIC + -09.50,사출,2026-05-10
Si_1-Day_Sph,O2O2 Spherical_K2-SMDH_OPHTALMIC + -10.00,분리,2026-05-11
Si_1-Day_Sph,O2O2 Spherical_K2-SMDH_OPHTALMIC + -10.00,사출,2026-05-10
Si_1-Day_Sph,lensme CleanFit 1Day_O2 clear + -01.00,누수규격,2026-05-15
Si_1-Day_Sph,lensme CleanFit 1Day_O2 clear + -01.00,접착,2026-05-14
Si_1-Day_Sph,lensme CleanFit 1Day_O2 clear + -01.00,하이드레이션,2026-05-12
Si_1-Day_Sph,lensme CleanFit 1Day_O2 clear + -01.25,누수규격,2026-05-15
Si_1-Day_Sph,lensme CleanFit 1Day_O2 clear + -01.25,접착,2026-05-14
Si_1-Day_Sph,lensme CleanFit 1Day_O2 clear + -01.25,하이드레이션,2026-05-12
Si_1-Day_Sph,lensme CleanFit 1Day_O2 clear + -01.50,누수규격,2026-05-15
Si_1-Day_Sph,lensme CleanFit 1Day_O2 clear + -01.50,접착,2026-05-14
Si_1-Day_Sph,lensme CleanFit 1Day_O2 clear + -01.50,하이드레이션,2026-05-12
Si_1-Day_Sph,lensme CleanFit 1Day_O2 clear + -01.75,누수규격,2026-05-15
Si_1-Day_Sph,lensme CleanFit 1Day_O2 clear + -01.75,접착,2026-05-14
Si_1-Day_Sph,lensme CleanFit 1Day_O2 clear + -01.75,하이드레이션,2026-05-12
Si_1-Day_Sph,lensme CleanFit 1Day_O2 clear + -02.00,누수규격,2026-05-15
Si_1-Day_Sph,lensme CleanFit 1Day_O2 clear + -02.00,접착,2026-05-14
Si_1-Day_Sph,lensme CleanFit 1Day_O2 clear + -02.00,하이드레이션,2026-05-12
Si_1-Day_Sph,lensme CleanFit 1Day_O2 clear + -02.25,누수규격,2026-05-15
Si_1-Day_Sph,lensme CleanFit 1Day_O2 clear + -02.25,접착,2026-05-14
Si_1-Day_Sph,lensme CleanFit 1Day_O2 clear + -02.25,하이드레이션,2026-05-12
Si_1-Day_Sph,lensme CleanFit 1Day_O2 clear + -02.50,누수규격,2026-05-15
Si_1-Day_Sph,lensme CleanFit 1Day_O2 clear + -02.50,접착,2026-05-14
Si_1-Day_Sph,lensme CleanFit 1Day_O2 clear + -02.50,하이드레이션,2026-05-12
Si_1-Day_Sph,lensme CleanFit 1Day_O2 clear + -02.75,누수규격,2026-05-15
Si_1-Day_Sph,lensme CleanFit 1Day_O2 clear + -02.75,접착,2026-05-14
Si_1-Day_Sph,lensme CleanFit 1Day_O2 clear + -02.75,하이드레이션,2026-05-12
Si_1-Day_Sph,lensme CleanFit 1Day_O2 clear + -03.00,누수규격,2026-05-15
Si_1-Day_Sph,lensme CleanFit 1Day_O2 clear + -03.00,접착,2026-05-14
Si_1-Day_Sph,lensme CleanFit 1Day_O2 clear + -03.00,하이드레이션,2026-05-12
Si_1-Day_Sph,lensme CleanFit 1Day_O2 clear + -03.25,누수규격,2026-05-15
Si_1-Day_Sph,lensme CleanFit 1Day_O2 clear + -03.25,접착,2026-05-14
Si_1-Day_Sph,lensme CleanFit 1Day_O2 clear + -03.25,하이드레이션,2026-05-12
Si_1-Day_Sph,lensme CleanFit 1Day_O2 clear + -03.50,누수규격,2026-05-15
Si_1-Day_Sph,lensme CleanFit 1Day_O2 clear + -03.50,접착,2026-05-14
Si_1-Day_Sph,lensme CleanFit 1Day_O2 clear + -03.50,하이드레이션,2026-05-12
Si_1-Day_Sph,lensme CleanFit 1Day_O2 clear + -03.75,누수규격,2026-05-15
Si_1-Day_Sph,lensme CleanFit 1Day_O2 clear + -03.75,접착,2026-05-14
Si_1-Day_Sph,lensme CleanFit 1Day_O2 clear + -03.75,하이드레이션,2026-05-12
Si_1-Day_Sph,lensme CleanFit 1Day_O2 clear + -04.00,누수규격,2026-05-15
Si_1-Day_Sph,lensme CleanFit 1Day_O2 clear + -04.00,접착,2026-05-14
Si_1-Day_Sph,lensme CleanFit 1Day_O2 clear + -04.00,하이드레이션,2026-05-12
Si_1-Day_Sph,lensme CleanFit 1Day_O2 clear + -04.25,누수규격,2026-05-15
Si_1-Day_Sph,lensme CleanFit 1Day_O2 clear + -04.25,접착,2026-05-14
Si_1-Day_Sph,lensme CleanFit 1Day_O2 clear + -04.25,하이드레이션,2026-05-12
Si_1-Day_Sph,lensme CleanFit 1Day_O2 clear + -04.50,누수규격,2026-05-15
Si_1-Day_Sph,lensme CleanFit 1Day_O2 clear + -04.50,접착,2026-05-14
Si_1-Day_Sph,lensme CleanFit 1Day_O2 clear + -04.50,하이드레이션,2026-05-12
Si_1-Day_Sph,lensme CleanFit 1Day_O2 clear + -04.75,누수규격,2026-05-15
Si_1-Day_Sph,lensme CleanFit 1Day_O2 clear + -04.75,접착,2026-05-14
Si_1-Day_Sph,lensme CleanFit 1Day_O2 clear + -04.75,하이드레이션,2026-05-12
Si_1-Day_Sph,lensme CleanFit 1Day_O2 clear + -05.00,누수규격,2026-05-15
Si_1-Day_Sph,lensme CleanFit 1Day_O2 clear + -05.00,접착,2026-05-14
Si_1-Day_Sph,lensme CleanFit 1Day_O2 clear + -05.00,하이드레이션,2026-05-12
Si_1-Day_Sph,lensme CleanFit 1Day_O2 clear + -05.50,누수규격,2026-05-15
Si_1-Day_Sph,lensme CleanFit 1Day_O2 clear + -05.50,접착,2026-05-14
Si_1-Day_Sph,lensme CleanFit 1Day_O2 clear + -05.50,하이드레이션,2026-05-12
Si_1-Day_Sph,lensme CleanFit 1Day_O2 clear + -06.00,누수규격,2026-05-15
Si_1-Day_Sph,lensme CleanFit 1Day_O2 clear + -06.00,접착,2026-05-14
Si_1-Day_Sph,lensme CleanFit 1Day_O2 clear + -06.00,하이드레이션,2026-05-12
Si_1-Day_Sph,lensme CleanFit 1Day_O2 clear + -06.50,누수규격,2026-05-15
Si_1-Day_Sph,lensme CleanFit 1Day_O2 clear + -06.50,접착,2026-05-14
Si_1-Day_Sph,lensme CleanFit 1Day_O2 clear + -06.50,하이드레이션,2026-05-12
Si_1-Day_Sph,lensme CleanFit 1Day_O2 clear + -07.00,누수규격,2026-05-15
Si_1-Day_Sph,lensme CleanFit 1Day_O2 clear + -07.00,접착,2026-05-14
Si_1-Day_Sph,lensme CleanFit 1Day_O2 clear + -07.00,하이드레이션,2026-05-12
Si_1-Day_Sph,lensme CleanFit 1Day_O2 clear + -07.50,누수규격,2026-05-15
Si_1-Day_Sph,lensme CleanFit 1Day_O2 clear + -07.50,접착,2026-05-14
Si_1-Day_Sph,lensme CleanFit 1Day_O2 clear + -07.50,하이드레이션,2026-05-12
Si_1-Day_Sph,lensme CleanFit 1Day_O2 clear + -08.00,누수규격,2026-05-15
Si_1-Day_Sph,lensme CleanFit 1Day_O2 clear + -08.00,접착,2026-05-14
Si_1-Day_Sph,lensme CleanFit 1Day_O2 clear + -08.00,하이드레이션,2026-05-12
Si_1-Day_Sph,lensme CleanFit 1Day_O2 clear + -08.50,누수규격,2026-05-15
Si_1-Day_Sph,lensme CleanFit 1Day_O2 clear + -08.50,접착,2026-05-14
Si_1-Day_Sph,lensme CleanFit 1Day_O2 clear + -08.50,하이드레이션,2026-05-12
Si_1-Day_Sph,lensme CleanFit 1Day_O2 clear + -09.00,누수규격,2026-05-15
Si_1-Day_Sph,lensme CleanFit 1Day_O2 clear + -09.00,접착,2026-05-14
Si_1-Day_Sph,lensme CleanFit 1Day_O2 clear + -09.00,하이드레이션,2026-05-12
Si_1-Day_Sph,lensme CleanFit 1Day_O2 clear + -09.50,누수규격,2026-05-15
Si_1-Day_Sph,lensme CleanFit 1Day_O2 clear + -09.50,접착,2026-05-14
Si_1-Day_Sph,lensme CleanFit 1Day_O2 clear + -09.50,하이드레이션,2026-05-12
Si_1-Day_Sph,lensme CleanFit 1Day_O2 clear + -10.00,누수규격,2026-05-15
Si_1-Day_Sph,lensme CleanFit 1Day_O2 clear + -10.00,접착,2026-05-14
Si_1-Day_Sph,lensme CleanFit 1Day_O2 clear + -10.00,하이드레이션,2026-05-12
Si_1-Day_Toric,O2O2 D_Toric_SMDH + -01.50,분리,2026-04-19
Si_1-Day_Toric,O2O2 D_Toric_SMDH + -01.50,사출,2026-04-18
Si_1-Day_Toric,O2O2 D_Toric_SMDH + -03.00,분리,2026-04-19
Si_1-Day_Toric,O2O2 D_Toric_SMDH + -03.00,사출,2026-04-18
Si_1-Day_Toric,O2O2 D_Toric_SMDH + -04.25,분리,2026-04-19
Si_1-Day_Toric,O2O2 D_Toric_SMDH + -04.25,사출,2026-04-18
Si_1-Day_Toric,O2O2 D_Toric_SMDH + -05.25,분리,2026-05-04
Si_1-Day_Toric,O2O2 D_Toric_SMDH + -05.25,사출,2026-05-03
Si_1-Day_Toric,O2O2 D_Toric_SMDH + -05.75,분리,2026-05-04
Si_1-Day_Toric,O2O2 D_Toric_SMDH + -05.75,사출,2026-05-03
Si_1-Day_Toric,O2O2 D_Toric_SMDH_WHITE + -05.25,누수규격,2026-05-08
Si_1-Day_Toric,O2O2 D_Toric_SMDH_WHITE + -05.25,접착,2026-05-07
Si_1-Day_Toric,O2O2 D_Toric_SMDH_WHITE + -05.25,하이드레이션,2026-05-05
Si_1-Day_Toric,O2O2 D_Toric_SMDH_WHITE + -05.75,누수규격,2026-05-08
Si_1-Day_Toric,O2O2 D_Toric_SMDH_WHITE + -05.75,접착,2026-05-07
Si_1-Day_Toric,O2O2 D_Toric_SMDH_WHITE + -05.75,하이드레이션,2026-05-05
Si_1-Day_Toric,O2O2 D_UV_Toric_SMD_White + -01.50,누수규격,2026-04-23
Si_1-Day_Toric,O2O2 D_UV_Toric_SMD_White + -01.50,접착,2026-04-22
Si_1-Day_Toric,O2O2 D_UV_Toric_SMD_White + -01.50,하이드레이션,2026-04-20
Si_1-Day_Toric,O2O2 D_UV_Toric_SMD_White + -03.00,누수규격,2026-04-23
Si_1-Day_Toric,O2O2 D_UV_Toric_SMD_White + -03.00,접착,2026-04-22
Si_1-Day_Toric,O2O2 D_UV_Toric_SMD_White + -03.00,하이드레이션,2026-04-20
Si_1-Day_Toric,O2O2 D_UV_Toric_SMD_White + -04.25,누수규격,2026-04-23
Si_1-Day_Toric,O2O2 D_UV_Toric_SMD_White + -04.25,접착,2026-04-22
Si_1-Day_Toric,O2O2 D_UV_Toric_SMD_White + -04.25,하이드레이션,2026-04-20
Si_FRP_Color_Sph,Clalen O2O2 M_Deep Black_45% + -00.00,누수규격,2026-04-06
Si_FRP_Color_Sph,Clalen O2O2 M_Deep Black_45% + -00.00,접착,2026-04-05
Si_FRP_Color_Sph,Clalen O2O2 M_Deep Black_45% + -00.00,하이드레이션,2026-04-03
Si_FRP_Color_Sph,Clalen O2O2 M_Deep Black_45% + -01.00,누수규격,2026-04-06
Si_FRP_Color_Sph,Clalen O2O2 M_Deep Black_45% + -01.00,접착,2026-04-05
Si_FRP_Color_Sph,Clalen O2O2 M_Deep Black_45% + -01.00,하이드레이션,2026-04-03
Si_FRP_Color_Sph,Clalen O2O2 M_Deep Black_45% + -01.25,누수규격,2026-04-06
Si_FRP_Color_Sph,Clalen O2O2 M_Deep Black_45% + -01.25,접착,2026-04-05
Si_FRP_Color_Sph,Clalen O2O2 M_Deep Black_45% + -01.25,하이드레이션,2026-04-03
Si_FRP_Color_Sph,Clalen O2O2 M_Deep Black_45% + -01.50,누수규격,2026-04-06
Si_FRP_Color_Sph,Clalen O2O2 M_Deep Black_45% + -01.50,접착,2026-04-05
Si_FRP_Color_Sph,Clalen O2O2 M_Deep Black_45% + -01.50,하이드레이션,2026-04-03
Si_FRP_Color_Sph,Clalen O2O2 M_Deep Black_45% + -01.75,누수규격,2026-04-06
Si_FRP_Color_Sph,Clalen O2O2 M_Deep Black_45% + -01.75,접착,2026-04-05
Si_FRP_Color_Sph,Clalen O2O2 M_Deep Black_45% + -01.75,하이드레이션,2026-04-03
Si_FRP_Color_Sph,Clalen O2O2 M_Deep Black_45% + -02.00,누수규격,2026-04-06
Si_FRP_Color_Sph,Clalen O2O2 M_Deep Black_45% + -02.00,접착,2026-04-05
Si_FRP_Color_Sph,Clalen O2O2 M_Deep Black_45% + -02.00,하이드레이션,2026-04-03
Si_FRP_Color_Sph,Clalen O2O2 M_Deep Black_45% + -02.25,누수규격,2026-04-06
Si_FRP_Color_Sph,Clalen O2O2 M_Deep Black_45% + -02.25,접착,2026-04-05
Si_FRP_Color_Sph,Clalen O2O2 M_Deep Black_45% + -02.25,하이드레이션,2026-04-03
Si_FRP_Color_Sph,Clalen O2O2 M_Deep Black_45% + -02.50,누수규격,2026-04-06
Si_FRP_Color_Sph,Clalen O2O2 M_Deep Black_45% + -02.50,접착,2026-04-05
Si_FRP_Color_Sph,Clalen O2O2 M_Deep Black_45% + -02.50,하이드레이션,2026-04-03
Si_FRP_Color_Sph,Clalen O2O2 M_Deep Black_45% + -02.75,누수규격,2026-04-06
Si_FRP_Color_Sph,Clalen O2O2 M_Deep Black_45% + -02.75,접착,2026-04-05
Si_FRP_Color_Sph,Clalen O2O2 M_Deep Black_45% + -02.75,하이드레이션,2026-04-03
Si_FRP_Color_Sph,Clalen O2O2 M_Deep Black_45% + -03.00,누수규격,2026-04-06
Si_FRP_Color_Sph,Clalen O2O2 M_Deep Black_45% + -03.00,접착,2026-04-05
Si_FRP_Color_Sph,Clalen O2O2 M_Deep Black_45% + -03.00,하이드레이션,2026-04-03
Si_FRP_Color_Sph,Clalen O2O2 M_Deep Black_45% + -03.25,누수규격,2026-04-06
Si_FRP_Color_Sph,Clalen O2O2 M_Deep Black_45% + -03.25,접착,2026-04-05
Si_FRP_Color_Sph,Clalen O2O2 M_Deep Black_45% + -03.25,하이드레이션,2026-04-03
Si_FRP_Color_Sph,Clalen O2O2 M_Deep Black_45% + -03.50,누수규격,2026-04-06
Si_FRP_Color_Sph,Clalen O2O2 M_Deep Black_45% + -03.50,접착,2026-04-05
Si_FRP_Color_Sph,Clalen O2O2 M_Deep Black_45% + -03.50,하이드레이션,2026-04-03
Si_FRP_Color_Sph,Clalen O2O2 M_Deep Black_45% + -03.75,누수규격,2026-04-06
Si_FRP_Color_Sph,Clalen O2O2 M_Deep Black_45% + -03.75,접착,2026-04-05
Si_FRP_Color_Sph,Clalen O2O2 M_Deep Black_45% + -03.75,하이드레이션,2026-04-03
Si_FRP_Color_Sph,Clalen O2O2 M_Deep Black_45% + -04.00,누수규격,2026-04-06
Si_FRP_Color_Sph,Clalen O2O2 M_Deep Black_45% + -04.00,접착,2026-04-05
Si_FRP_Color_Sph,Clalen O2O2 M_Deep Black_45% + -04.00,하이드레이션,2026-04-03
Si_FRP_Color_Sph,Clalen O2O2 M_Deep Black_45% + -04.25,누수규격,2026-04-06
Si_FRP_Color_Sph,Clalen O2O2 M_Deep Black_45% + -04.25,접착,2026-04-05
Si_FRP_Color_Sph,Clalen O2O2 M_Deep Black_45% + -04.25,하이드레이션,2026-04-03
Si_FRP_Color_Sph,Clalen O2O2 M_Deep Black_45% + -04.50,누수규격,2026-04-06
Si_FRP_Color_Sph,Clalen O2O2 M_Deep Black_45% + -04.50,접착,2026-04-05
Si_FRP_Color_Sph,Clalen O2O2 M_Deep Black_45% + -04.50,하이드레이션,2026-04-03
Si_FRP_Color_Sph,Clalen O2O2 M_Deep Black_45% + -04.75,누수규격,2026-04-06
Si_FRP_Color_Sph,Clalen O2O2 M_Deep Black_45% + -04.75,접착,2026-04-05
Si_FRP_Color_Sph,Clalen O2O2 M_Deep Black_45% + -04.75,하이드레이션,2026-04-03
Si_FRP_Color_Sph,Clalen O2O2 M_Deep Black_45% + -05.00,누수규격,2026-04-06
Si_FRP_Color_Sph,Clalen O2O2 M_Deep Black_45% + -05.00,접착,2026-04-05
Si_FRP_Color_Sph,Clalen O2O2 M_Deep Black_45% + -05.00,하이드레이션,2026-04-03
Si_FRP_Color_Sph,Clalen O2O2 M_Deep Black_45% + -05.50,누수규격,2026-04-06
Si_FRP_Color_Sph,Clalen O2O2 M_Deep Black_45% + -05.50,접착,2026-04-05
Si_FRP_Color_Sph,Clalen O2O2 M_Deep Black_45% + -05.50,하이드레이션,2026-04-03
Si_FRP_Color_Sph,Clalen O2O2 M_Deep Black_45% + -06.00,누수규격,2026-04-06
Si_FRP_Color_Sph,Clalen O2O2 M_Deep Black_45% + -06.00,접착,2026-04-05
Si_FRP_Color_Sph,Clalen O2O2 M_Deep Black_45% + -06.00,하이드레이션,2026-04-03
Si_FRP_Color_Sph,Clalen O2O2 M_Deep Black_45% + -06.50,누수규격,2026-04-06
Si_FRP_Color_Sph,Clalen O2O2 M_Deep Black_45% + -06.50,접착,2026-04-05
Si_FRP_Color_Sph,Clalen O2O2 M_Deep Black_45% + -06.50,하이드레이션,2026-04-03
Si_FRP_Color_Sph,Clalen O2O2 M_Deep Black_45% + -07.00,누수규격,2026-04-06
Si_FRP_Color_Sph,Clalen O2O2 M_Deep Black_45% + -07.00,접착,2026-04-05
Si_FRP_Color_Sph,Clalen O2O2 M_Deep Black_45% + -07.00,하이드레이션,2026-04-03
Si_FRP_Color_Sph,Clalen O2O2 M_Deep Black_45% + -07.50,누수규격,2026-04-06
Si_FRP_Color_Sph,Clalen O2O2 M_Deep Black_45% + -07.50,접착,2026-04-05
Si_FRP_Color_Sph,Clalen O2O2 M_Deep Black_45% + -07.50,하이드레이션,2026-04-03
Si_FRP_Color_Sph,Clalen O2O2 M_Deep Black_45% + -08.00,누수규격,2026-04-06
Si_FRP_Color_Sph,Clalen O2O2 M_Deep Black_45% + -08.00,접착,2026-04-05
Si_FRP_Color_Sph,Clalen O2O2 M_Deep Black_45% + -08.00,하이드레이션,2026-04-03
Si_FRP_Color_Sph,Clalen O2O2 M_Lake Gray_45% + -00.00,누수규격,2026-04-10
Si_FRP_Color_Sph,Clalen O2O2 M_Lake Gray_45% + -00.00,접착,2026-04-09
Si_FRP_Color_Sph,Clalen O2O2 M_Lake Gray_45% + -00.00,하이드레이션,2026-04-07
Si_FRP_Color_Sph,Clalen O2O2 M_Lake Gray_45% + -01.00,누수규격,2026-04-10
Si_FRP_Color_Sph,Clalen O2O2 M_Lake Gray_45% + -01.00,접착,2026-04-09
Si_FRP_Color_Sph,Clalen O2O2 M_Lake Gray_45% + -01.00,하이드레이션,2026-04-07
Si_FRP_Color_Sph,Clalen O2O2 M_Lake Gray_45% + -01.25,누수규격,2026-04-10
Si_FRP_Color_Sph,Clalen O2O2 M_Lake Gray_45% + -01.25,접착,2026-04-09
Si_FRP_Color_Sph,Clalen O2O2 M_Lake Gray_45% + -01.25,하이드레이션,2026-04-07
Si_FRP_Color_Sph,Clalen O2O2 M_Lake Gray_45% + -01.50,누수규격,2026-04-10
Si_FRP_Color_Sph,Clalen O2O2 M_Lake Gray_45% + -01.50,접착,2026-04-09
Si_FRP_Color_Sph,Clalen O2O2 M_Lake Gray_45% + -01.50,하이드레이션,2026-04-07
Si_FRP_Color_Sph,Clalen O2O2 M_Lake Gray_45% + -01.75,누수규격,2026-04-10
Si_FRP_Color_Sph,Clalen O2O2 M_Lake Gray_45% + -01.75,접착,2026-04-09
Si_FRP_Color_Sph,Clalen O2O2 M_Lake Gray_45% + -01.75,하이드레이션,2026-04-07
Si_FRP_Color_Sph,Clalen O2O2 M_Lake Gray_45% + -02.00,누수규격,2026-04-10
Si_FRP_Color_Sph,Clalen O2O2 M_Lake Gray_45% + -02.00,접착,2026-04-09
Si_FRP_Color_Sph,Clalen O2O2 M_Lake Gray_45% + -02.00,하이드레이션,2026-04-07
Si_FRP_Color_Sph,Clalen O2O2 M_Lake Gray_45% + -02.25,누수규격,2026-04-10
Si_FRP_Color_Sph,Clalen O2O2 M_Lake Gray_45% + -02.25,접착,2026-04-09
Si_FRP_Color_Sph,Clalen O2O2 M_Lake Gray_45% + -02.25,하이드레이션,2026-04-07
Si_FRP_Color_Sph,Clalen O2O2 M_Lake Gray_45% + -02.50,누수규격,2026-04-10
Si_FRP_Color_Sph,Clalen O2O2 M_Lake Gray_45% + -02.50,접착,2026-04-09
Si_FRP_Color_Sph,Clalen O2O2 M_Lake Gray_45% + -02.50,하이드레이션,2026-04-07
Si_FRP_Color_Sph,Clalen O2O2 M_Lake Gray_45% + -02.75,누수규격,2026-04-10
Si_FRP_Color_Sph,Clalen O2O2 M_Lake Gray_45% + -02.75,접착,2026-04-09
Si_FRP_Color_Sph,Clalen O2O2 M_Lake Gray_45% + -02.75,하이드레이션,2026-04-07
Si_FRP_Color_Sph,Clalen O2O2 M_Lake Gray_45% + -03.00,누수규격,2026-04-10
Si_FRP_Color_Sph,Clalen O2O2 M_Lake Gray_45% + -03.00,접착,2026-04-09
Si_FRP_Color_Sph,Clalen O2O2 M_Lake Gray_45% + -03.00,하이드레이션,2026-04-07
Si_FRP_Color_Sph,Clalen O2O2 M_Lake Gray_45% + -03.25,누수규격,2026-04-10
Si_FRP_Color_Sph,Clalen O2O2 M_Lake Gray_45% + -03.25,접착,2026-04-09
Si_FRP_Color_Sph,Clalen O2O2 M_Lake Gray_45% + -03.25,하이드레이션,2026-04-07
Si_FRP_Color_Sph,Clalen O2O2 M_Lake Gray_45% + -03.50,누수규격,2026-04-10
Si_FRP_Color_Sph,Clalen O2O2 M_Lake Gray_45% + -03.50,접착,2026-04-09
Si_FRP_Color_Sph,Clalen O2O2 M_Lake Gray_45% + -03.50,하이드레이션,2026-04-07
Si_FRP_Color_Sph,Clalen O2O2 M_Lake Gray_45% + -03.75,누수규격,2026-04-10
Si_FRP_Color_Sph,Clalen O2O2 M_Lake Gray_45% + -03.75,접착,2026-04-09
Si_FRP_Color_Sph,Clalen O2O2 M_Lake Gray_45% + -03.75,하이드레이션,2026-04-07
Si_FRP_Color_Sph,Clalen O2O2 M_Lake Gray_45% + -04.00,누수규격,2026-04-10
Si_FRP_Color_Sph,Clalen O2O2 M_Lake Gray_45% + -04.00,접착,2026-04-09
Si_FRP_Color_Sph,Clalen O2O2 M_Lake Gray_45% + -04.00,하이드레이션,2026-04-07
Si_FRP_Color_Sph,Clalen O2O2 M_Lake Gray_45% + -04.25,누수규격,2026-04-10
Si_FRP_Color_Sph,Clalen O2O2 M_Lake Gray_45% + -04.25,접착,2026-04-09
Si_FRP_Color_Sph,Clalen O2O2 M_Lake Gray_45% + -04.25,하이드레이션,2026-04-07
Si_FRP_Color_Sph,Clalen O2O2 M_Lake Gray_45% + -04.50,누수규격,2026-04-10
Si_FRP_Color_Sph,Clalen O2O2 M_Lake Gray_45% + -04.50,접착,2026-04-09
Si_FRP_Color_Sph,Clalen O2O2 M_Lake Gray_45% + -04.50,하이드레이션,2026-04-07
Si_FRP_Color_Sph,Clalen O2O2 M_Lake Gray_45% + -04.75,누수규격,2026-04-10
Si_FRP_Color_Sph,Clalen O2O2 M_Lake Gray_45% + -04.75,접착,2026-04-09
Si_FRP_Color_Sph,Clalen O2O2 M_Lake Gray_45% + -04.75,하이드레이션,2026-04-07
Si_FRP_Color_Sph,Clalen O2O2 M_Lake Gray_45% + -05.00,누수규격,2026-04-10
Si_FRP_Color_Sph,Clalen O2O2 M_Lake Gray_45% + -05.00,접착,2026-04-09
Si_FRP_Color_Sph,Clalen O2O2 M_Lake Gray_45% + -05.00,하이드레이션,2026-04-07
Si_FRP_Color_Sph,Clalen O2O2 M_Lake Gray_45% + -05.50,누수규격,2026-04-10
Si_FRP_Color_Sph,Clalen O2O2 M_Lake Gray_45% + -05.50,접착,2026-04-09
Si_FRP_Color_Sph,Clalen O2O2 M_Lake Gray_45% + -05.50,하이드레이션,2026-04-07
Si_FRP_Color_Sph,Clalen O2O2 M_Lake Gray_45% + -06.00,누수규격,2026-04-10
Si_FRP_Color_Sph,Clalen O2O2 M_Lake Gray_45% + -06.00,접착,2026-04-09
Si_FRP_Color_Sph,Clalen O2O2 M_Lake Gray_45% + -06.00,하이드레이션,2026-04-07
Si_FRP_Color_Sph,Clalen O2O2 M_Lake Gray_45% + -06.50,누수규격,2026-04-10
Si_FRP_Color_Sph,Clalen O2O2 M_Lake Gray_45% + -06.50,접착,2026-04-09
Si_FRP_Color_Sph,Clalen O2O2 M_Lake Gray_45% + -06.50,하이드레이션,2026-04-07
Si_FRP_Color_Sph,Clalen O2O2 M_Lake Gray_45% + -07.00,누수규격,2026-04-10
Si_FRP_Color_Sph,Clalen O2O2 M_Lake Gray_45% + -07.00,접착,2026-04-09
Si_FRP_Color_Sph,Clalen O2O2 M_Lake Gray_45% + -07.00,하이드레이션,2026-04-07
Si_FRP_Color_Sph,Clalen O2O2 M_Lake Gray_45% + -07.50,누수규격,2026-04-10
Si_FRP_Color_Sph,Clalen O2O2 M_Lake Gray_45% + -07.50,접착,2026-04-09
Si_FRP_Color_Sph,Clalen O2O2 M_Lake Gray_45% + -07.50,하이드레이션,2026-04-07
Si_FRP_Color_Sph,Clalen O2O2 M_Lake Gray_45% + -08.00,누수규격,2026-04-10
Si_FRP_Color_Sph,Clalen O2O2 M_Lake Gray_45% + -08.00,접착,2026-04-09
Si_FRP_Color_Sph,Clalen O2O2 M_Lake Gray_45% + -08.00,하이드레이션,2026-04-07
Si_FRP_Color_Sph,Clalen O2O2 M_Mute Brown_45% + -00.00,누수규격,2026-04-13
Si_FRP_Color_Sph,Clalen O2O2 M_Mute Brown_45% + -00.00,접착,2026-04-12
Si_FRP_Color_Sph,Clalen O2O2 M_Mute Brown_45% + -00.00,하이드레이션,2026-04-10
Si_FRP_Color_Sph,Clalen O2O2 M_Mute Brown_45% + -01.00,누수규격,2026-04-13
Si_FRP_Color_Sph,Clalen O2O2 M_Mute Brown_45% + -01.00,접착,2026-04-12
Si_FRP_Color_Sph,Clalen O2O2 M_Mute Brown_45% + -01.00,하이드레이션,2026-04-10
Si_FRP_Color_Sph,Clalen O2O2 M_Mute Brown_45% + -01.25,누수규격,2026-04-13
Si_FRP_Color_Sph,Clalen O2O2 M_Mute Brown_45% + -01.25,접착,2026-04-12
Si_FRP_Color_Sph,Clalen O2O2 M_Mute Brown_45% + -01.25,하이드레이션,2026-04-10
Si_FRP_Color_Sph,Clalen O2O2 M_Mute Brown_45% + -01.50,누수규격,2026-04-13
Si_FRP_Color_Sph,Clalen O2O2 M_Mute Brown_45% + -01.50,접착,2026-04-12
Si_FRP_Color_Sph,Clalen O2O2 M_Mute Brown_45% + -01.50,하이드레이션,2026-04-10
Si_FRP_Color_Sph,Clalen O2O2 M_Mute Brown_45% + -01.75,누수규격,2026-04-13
Si_FRP_Color_Sph,Clalen O2O2 M_Mute Brown_45% + -01.75,접착,2026-04-12
Si_FRP_Color_Sph,Clalen O2O2 M_Mute Brown_45% + -01.75,하이드레이션,2026-04-10
Si_FRP_Color_Sph,Clalen O2O2 M_Mute Brown_45% + -02.00,누수규격,2026-04-13
Si_FRP_Color_Sph,Clalen O2O2 M_Mute Brown_45% + -02.00,접착,2026-04-12
Si_FRP_Color_Sph,Clalen O2O2 M_Mute Brown_45% + -02.00,하이드레이션,2026-04-10
Si_FRP_Color_Sph,Clalen O2O2 M_Mute Brown_45% + -02.25,누수규격,2026-04-13
Si_FRP_Color_Sph,Clalen O2O2 M_Mute Brown_45% + -02.25,접착,2026-04-12
Si_FRP_Color_Sph,Clalen O2O2 M_Mute Brown_45% + -02.25,하이드레이션,2026-04-10
Si_FRP_Color_Sph,Clalen O2O2 M_Mute Brown_45% + -02.50,누수규격,2026-04-13
Si_FRP_Color_Sph,Clalen O2O2 M_Mute Brown_45% + -02.50,접착,2026-04-12
Si_FRP_Color_Sph,Clalen O2O2 M_Mute Brown_45% + -02.50,하이드레이션,2026-04-10
Si_FRP_Color_Sph,Clalen O2O2 M_Mute Brown_45% + -02.75,누수규격,2026-04-13
Si_FRP_Color_Sph,Clalen O2O2 M_Mute Brown_45% + -02.75,접착,2026-04-12
Si_FRP_Color_Sph,Clalen O2O2 M_Mute Brown_45% + -02.75,하이드레이션,2026-04-10
Si_FRP_Color_Sph,Clalen O2O2 M_Mute Brown_45% + -03.00,누수규격,2026-04-13
Si_FRP_Color_Sph,Clalen O2O2 M_Mute Brown_45% + -03.00,접착,2026-04-12
Si_FRP_Color_Sph,Clalen O2O2 M_Mute Brown_45% + -03.00,하이드레이션,2026-04-10
Si_FRP_Color_Sph,Clalen O2O2 M_Mute Brown_45% + -03.25,누수규격,2026-04-13
Si_FRP_Color_Sph,Clalen O2O2 M_Mute Brown_45% + -03.25,접착,2026-04-12
Si_FRP_Color_Sph,Clalen O2O2 M_Mute Brown_45% + -03.25,하이드레이션,2026-04-10
Si_FRP_Color_Sph,Clalen O2O2 M_Mute Brown_45% + -03.50,누수규격,2026-04-13
Si_FRP_Color_Sph,Clalen O2O2 M_Mute Brown_45% + -03.50,접착,2026-04-12
Si_FRP_Color_Sph,Clalen O2O2 M_Mute Brown_45% + -03.50,하이드레이션,2026-04-10
Si_FRP_Color_Sph,Clalen O2O2 M_Mute Brown_45% + -03.75,누수규격,2026-04-13
Si_FRP_Color_Sph,Clalen O2O2 M_Mute Brown_45% + -03.75,접착,2026-04-12
Si_FRP_Color_Sph,Clalen O2O2 M_Mute Brown_45% + -03.75,하이드레이션,2026-04-10
Si_FRP_Color_Sph,Clalen O2O2 M_Mute Brown_45% + -04.00,누수규격,2026-04-13
Si_FRP_Color_Sph,Clalen O2O2 M_Mute Brown_45% + -04.00,접착,2026-04-12
Si_FRP_Color_Sph,Clalen O2O2 M_Mute Brown_45% + -04.00,하이드레이션,2026-04-10
Si_FRP_Color_Sph,Clalen O2O2 M_Mute Brown_45% + -04.25,누수규격,2026-04-13
Si_FRP_Color_Sph,Clalen O2O2 M_Mute Brown_45% + -04.25,접착,2026-04-12
Si_FRP_Color_Sph,Clalen O2O2 M_Mute Brown_45% + -04.25,하이드레이션,2026-04-10
Si_FRP_Color_Sph,Clalen O2O2 M_Mute Brown_45% + -04.50,누수규격,2026-04-13
Si_FRP_Color_Sph,Clalen O2O2 M_Mute Brown_45% + -04.50,접착,2026-04-12
Si_FRP_Color_Sph,Clalen O2O2 M_Mute Brown_45% + -04.50,하이드레이션,2026-04-10
Si_FRP_Color_Sph,Clalen O2O2 M_Mute Brown_45% + -04.75,누수규격,2026-04-13
Si_FRP_Color_Sph,Clalen O2O2 M_Mute Brown_45% + -04.75,접착,2026-04-12
Si_FRP_Color_Sph,Clalen O2O2 M_Mute Brown_45% + -04.75,하이드레이션,2026-04-10
Si_FRP_Color_Sph,Clalen O2O2 M_Mute Brown_45% + -05.00,누수규격,2026-04-13
Si_FRP_Color_Sph,Clalen O2O2 M_Mute Brown_45% + -05.00,접착,2026-04-12
Si_FRP_Color_Sph,Clalen O2O2 M_Mute Brown_45% + -05.00,하이드레이션,2026-04-10
Si_FRP_Color_Sph,Clalen O2O2 M_Mute Brown_45% + -05.50,누수규격,2026-04-13
Si_FRP_Color_Sph,Clalen O2O2 M_Mute Brown_45% + -05.50,접착,2026-04-12
Si_FRP_Color_Sph,Clalen O2O2 M_Mute Brown_45% + -05.50,하이드레이션,2026-04-10
Si_FRP_Color_Sph,Clalen O2O2 M_Mute Brown_45% + -06.00,누수규격,2026-04-13
Si_FRP_Color_Sph,Clalen O2O2 M_Mute Brown_45% + -06.00,접착,2026-04-12
Si_FRP_Color_Sph,Clalen O2O2 M_Mute Brown_45% + -06.00,하이드레이션,2026-04-10
Si_FRP_Color_Sph,Clalen O2O2 M_Mute Brown_45% + -06.50,누수규격,2026-04-13
Si_FRP_Color_Sph,Clalen O2O2 M_Mute Brown_45% + -06.50,접착,2026-04-12
Si_FRP_Color_Sph,Clalen O2O2 M_Mute Brown_45% + -06.50,하이드레이션,2026-04-10
Si_FRP_Color_Sph,Clalen O2O2 M_Mute Brown_45% + -07.00,누수규격,2026-04-13
Si_FRP_Color_Sph,Clalen O2O2 M_Mute Brown_45% + -07.00,접착,2026-04-12
Si_FRP_Color_Sph,Clalen O2O2 M_Mute Brown_45% + -07.00,하이드레이션,2026-04-10
Si_FRP_Color_Sph,Clalen O2O2 M_Mute Brown_45% + -07.50,누수규격,2026-04-13
Si_FRP_Color_Sph,Clalen O2O2 M_Mute Brown_45% + -07.50,접착,2026-04-12
Si_FRP_Color_Sph,Clalen O2O2 M_Mute Brown_45% + -07.50,하이드레이션,2026-04-10
Si_FRP_Color_Sph,Clalen O2O2 M_Mute Brown_45% + -08.00,누수규격,2026-04-13
Si_FRP_Color_Sph,Clalen O2O2 M_Mute Brown_45% + -08.00,접착,2026-04-12
Si_FRP_Color_Sph,Clalen O2O2 M_Mute Brown_45% + -08.00,하이드레이션,2026-04-10
Si_FRP_Color_Sph,Clalen O2O2 M_Pale Choco_45% + -00.00,누수규격,2026-04-03
Si_FRP_Color_Sph,Clalen O2O2 M_Pale Choco_45% + -00.00,접착,2026-04-02
Si_FRP_Color_Sph,Clalen O2O2 M_Pale Choco_45% + -00.00,하이드레이션,2026-03-31
Si_FRP_Color_Sph,Clalen O2O2 M_Pale Choco_45% + -01.00,누수규격,2026-04-03
Si_FRP_Color_Sph,Clalen O2O2 M_Pale Choco_45% + -01.00,접착,2026-04-02
Si_FRP_Color_Sph,Clalen O2O2 M_Pale Choco_45% + -01.00,하이드레이션,2026-03-31
Si_FRP_Color_Sph,Clalen O2O2 M_Pale Choco_45% + -01.25,누수규격,2026-04-03
Si_FRP_Color_Sph,Clalen O2O2 M_Pale Choco_45% + -01.25,접착,2026-04-02
Si_FRP_Color_Sph,Clalen O2O2 M_Pale Choco_45% + -01.25,하이드레이션,2026-03-31
Si_FRP_Color_Sph,Clalen O2O2 M_Pale Choco_45% + -01.50,누수규격,2026-04-03
Si_FRP_Color_Sph,Clalen O2O2 M_Pale Choco_45% + -01.50,접착,2026-04-02
Si_FRP_Color_Sph,Clalen O2O2 M_Pale Choco_45% + -01.50,하이드레이션,2026-03-31
Si_FRP_Color_Sph,Clalen O2O2 M_Pale Choco_45% + -01.75,누수규격,2026-04-03
Si_FRP_Color_Sph,Clalen O2O2 M_Pale Choco_45% + -01.75,접착,2026-04-02
Si_FRP_Color_Sph,Clalen O2O2 M_Pale Choco_45% + -01.75,하이드레이션,2026-03-31
Si_FRP_Color_Sph,Clalen O2O2 M_Pale Choco_45% + -02.00,누수규격,2026-04-03
Si_FRP_Color_Sph,Clalen O2O2 M_Pale Choco_45% + -02.00,접착,2026-04-02
Si_FRP_Color_Sph,Clalen O2O2 M_Pale Choco_45% + -02.00,하이드레이션,2026-03-31
Si_FRP_Color_Sph,Clalen O2O2 M_Pale Choco_45% + -02.25,누수규격,2026-04-03
Si_FRP_Color_Sph,Clalen O2O2 M_Pale Choco_45% + -02.25,접착,2026-04-02
Si_FRP_Color_Sph,Clalen O2O2 M_Pale Choco_45% + -02.25,하이드레이션,2026-03-31
Si_FRP_Color_Sph,Clalen O2O2 M_Pale Choco_45% + -02.50,누수규격,2026-04-03
Si_FRP_Color_Sph,Clalen O2O2 M_Pale Choco_45% + -02.50,접착,2026-04-02
Si_FRP_Color_Sph,Clalen O2O2 M_Pale Choco_45% + -02.50,하이드레이션,2026-03-31
Si_FRP_Color_Sph,Clalen O2O2 M_Pale Choco_45% + -02.75,누수규격,2026-04-03
Si_FRP_Color_Sph,Clalen O2O2 M_Pale Choco_45% + -02.75,접착,2026-04-02
Si_FRP_Color_Sph,Clalen O2O2 M_Pale Choco_45% + -02.75,하이드레이션,2026-03-31
Si_FRP_Color_Sph,Clalen O2O2 M_Pale Choco_45% + -03.00,누수규격,2026-04-03
Si_FRP_Color_Sph,Clalen O2O2 M_Pale Choco_45% + -03.00,접착,2026-04-02
Si_FRP_Color_Sph,Clalen O2O2 M_Pale Choco_45% + -03.00,하이드레이션,2026-03-31
Si_FRP_Color_Sph,Clalen O2O2 M_Pale Choco_45% + -03.25,누수규격,2026-04-03
Si_FRP_Color_Sph,Clalen O2O2 M_Pale Choco_45% + -03.25,접착,2026-04-02
Si_FRP_Color_Sph,Clalen O2O2 M_Pale Choco_45% + -03.25,하이드레이션,2026-03-31
Si_FRP_Color_Sph,Clalen O2O2 M_Pale Choco_45% + -03.50,누수규격,2026-04-03
Si_FRP_Color_Sph,Clalen O2O2 M_Pale Choco_45% + -03.50,접착,2026-04-02
Si_FRP_Color_Sph,Clalen O2O2 M_Pale Choco_45% + -03.50,하이드레이션,2026-03-31
Si_FRP_Color_Sph,Clalen O2O2 M_Pale Choco_45% + -03.75,누수규격,2026-04-03
Si_FRP_Color_Sph,Clalen O2O2 M_Pale Choco_45% + -03.75,접착,2026-04-02
Si_FRP_Color_Sph,Clalen O2O2 M_Pale Choco_45% + -03.75,하이드레이션,2026-03-31
Si_FRP_Color_Sph,Clalen O2O2 M_Pale Choco_45% + -04.00,누수규격,2026-04-03
Si_FRP_Color_Sph,Clalen O2O2 M_Pale Choco_45% + -04.00,접착,2026-04-02
Si_FRP_Color_Sph,Clalen O2O2 M_Pale Choco_45% + -04.00,하이드레이션,2026-03-31
Si_FRP_Color_Sph,Clalen O2O2 M_Pale Choco_45% + -04.25,누수규격,2026-04-03
Si_FRP_Color_Sph,Clalen O2O2 M_Pale Choco_45% + -04.25,접착,2026-04-02
Si_FRP_Color_Sph,Clalen O2O2 M_Pale Choco_45% + -04.25,하이드레이션,2026-03-31
Si_FRP_Color_Sph,Clalen O2O2 M_Pale Choco_45% + -04.50,누수규격,2026-04-03
Si_FRP_Color_Sph,Clalen O2O2 M_Pale Choco_45% + -04.50,접착,2026-04-02
Si_FRP_Color_Sph,Clalen O2O2 M_Pale Choco_45% + -04.50,하이드레이션,2026-03-31
Si_FRP_Color_Sph,Clalen O2O2 M_Pale Choco_45% + -04.75,누수규격,2026-04-03
Si_FRP_Color_Sph,Clalen O2O2 M_Pale Choco_45% + -04.75,접착,2026-04-02
Si_FRP_Color_Sph,Clalen O2O2 M_Pale Choco_45% + -04.75,하이드레이션,2026-03-31
Si_FRP_Color_Sph,Clalen O2O2 M_Pale Choco_45% + -05.00,누수규격,2026-04-03
Si_FRP_Color_Sph,Clalen O2O2 M_Pale Choco_45% + -05.00,접착,2026-04-02
Si_FRP_Color_Sph,Clalen O2O2 M_Pale Choco_45% + -05.00,하이드레이션,2026-03-31
Si_FRP_Color_Sph,Clalen O2O2 M_Pale Choco_45% + -05.50,누수규격,2026-04-03
Si_FRP_Color_Sph,Clalen O2O2 M_Pale Choco_45% + -05.50,접착,2026-04-02
Si_FRP_Color_Sph,Clalen O2O2 M_Pale Choco_45% + -05.50,하이드레이션,2026-03-31
Si_FRP_Color_Sph,Clalen O2O2 M_Pale Choco_45% + -06.00,누수규격,2026-04-03
Si_FRP_Color_Sph,Clalen O2O2 M_Pale Choco_45% + -06.00,접착,2026-04-02
Si_FRP_Color_Sph,Clalen O2O2 M_Pale Choco_45% + -06.00,하이드레이션,2026-03-31
Si_FRP_Color_Sph,Clalen O2O2 M_Pale Choco_45% + -06.50,누수규격,2026-04-03
Si_FRP_Color_Sph,Clalen O2O2 M_Pale Choco_45% + -06.50,접착,2026-04-02
Si_FRP_Color_Sph,Clalen O2O2 M_Pale Choco_45% + -06.50,하이드레이션,2026-03-31
Si_FRP_Color_Sph,Clalen O2O2 M_Pale Choco_45% + -07.00,누수규격,2026-04-03
Si_FRP_Color_Sph,Clalen O2O2 M_Pale Choco_45% + -07.00,접착,2026-04-02
Si_FRP_Color_Sph,Clalen O2O2 M_Pale Choco_45% + -07.00,하이드레이션,2026-03-31
Si_FRP_Color_Sph,Clalen O2O2 M_Pale Choco_45% + -07.50,누수규격,2026-04-03
Si_FRP_Color_Sph,Clalen O2O2 M_Pale Choco_45% + -07.50,접착,2026-04-02
Si_FRP_Color_Sph,Clalen O2O2 M_Pale Choco_45% + -07.50,하이드레이션,2026-03-31
Si_FRP_Color_Sph,Clalen O2O2 M_Pale Choco_45% + -08.00,누수규격,2026-04-03
Si_FRP_Color_Sph,Clalen O2O2 M_Pale Choco_45% + -08.00,접착,2026-04-02
Si_FRP_Color_Sph,Clalen O2O2 M_Pale Choco_45% + -08.00,하이드레이션,2026-03-31
Si_FRP_Color_Sph,O2O2 M_Mysti Khaki EX + -03.00,분리,2026-03-24
Si_FRP_Color_Sph,O2O2 M_Mysti Khaki EX + -04.00,분리,2026-02-15
Si_FRP_Color_Sph,O2O2 M_Natural Brown EX + -01.75,분리,2026-02-15
Si_FRP_Color_Sph,O2O2 M_Natural Brown EX + -01.75,사출,2026-02-14
Si_FRP_Color_Sph,O2O2 M_Natural Gray EX + -04.75,분리,2026-03-24
Si_FRP_Color_Sph,O2O2 M_Natural Gray EX + -04.75,사출,2026-03-23
